doc_id,filename,year,cosl_decade,raw_word_count,term,pattern,count
13_subordinate_legislation_10_2002,13_Subordinate_Legislation_10_2002.txt,2002,1994-2003,3356,delay_exact,\bdelay\b,5
13_subordinate_legislation_10_2002,13_Subordinate_Legislation_10_2002.txt,2002,1994-2003,3356,delay_family,\b(delays?|delayed|delaying)\b,7
13_subordinate_legislation_10_2002,13_Subordinate_Legislation_10_2002.txt,2002,1994-2003,3356,action_taken,\baction\s+taken\b,0
13_subordinate_legislation_10_2002,13_Subordinate_Legislation_10_2002.txt,2002,1994-2003,3356,recruitment,\brecruitment\b,27
13_subordinate_legislation_11_2002,13_Subordinate_Legislation_11_2002.txt,2002,1994-2003,3287,delay_exact,\bdelay\b,0
13_subordinate_legislation_11_2002,13_Subordinate_Legislation_11_2002.txt,2002,1994-2003,3287,delay_family,\b(delays?|delayed|delaying)\b,0
13_subordinate_legislation_11_2002,13_Subordinate_Legislation_11_2002.txt,2002,1994-2003,3287,action_taken,\baction\s+taken\b,0
13_subordinate_legislation_11_2002,13_Subordinate_Legislation_11_2002.txt,2002,1994-2003,3287,recruitment,\brecruitment\b,32
13_subordinate_legislation_12_2003,13_Subordinate_Legislation_12_2003.txt,2003,1994-2003,5345,delay_exact,\bdelay\b,27
13_subordinate_legislation_12_2003,13_Subordinate_Legislation_12_2003.txt,2003,1994-2003,5345,delay_family,\b(delays?|delayed|delaying)\b,27
13_subordinate_legislation_12_2003,13_Subordinate_Legislation_12_2003.txt,2003,1994-2003,5345,action_taken,\baction\s+taken\b,0
13_subordinate_legislation_12_2003,13_Subordinate_Legislation_12_2003.txt,2003,1994-2003,5345,recruitment,\brecruitment\b,8
13_subordinate_legislation_13_2003,13_Subordinate_Legislation_13_2003.txt,2003,1994-2003,4118,delay_exact,\bdelay\b,7
13_subordinate_legislation_13_2003,13_Subordinate_Legislation_13_2003.txt,2003,1994-2003,4118,delay_family,\b(delays?|delayed|delaying)\b,11
13_subordinate_legislation_13_2003,13_Subordinate_Legislation_13_2003.txt,2003,1994-2003,4118,action_taken,\baction\s+taken\b,6
13_subordinate_legislation_13_2003,13_Subordinate_Legislation_13_2003.txt,2003,1994-2003,4118,recruitment,\brecruitment\b,39
13_subordinate_legislation_14_2003,13_Subordinate_Legislation_14_2003.txt,2003,1994-2003,4772,delay_exact,\bdelay\b,2
13_subordinate_legislation_14_2003,13_Subordinate_Legislation_14_2003.txt,2003,1994-2003,4772,delay_family,\b(delays?|delayed|delaying)\b,5
13_subordinate_legislation_14_2003,13_Subordinate_Legislation_14_2003.txt,2003,1994-2003,4772,action_taken,\baction\s+taken\b,0
13_subordinate_legislation_14_2003,13_Subordinate_Legislation_14_2003.txt,2003,1994-2003,4772,recruitment,\brecruitment\b,28
13_subordinate_legislation_15_2003,13_Subordinate_Legislation_15_2003.txt,2003,1994-2003,4442,delay_exact,\bdelay\b,8
13_subordinate_legislation_15_2003,13_Subordinate_Legislation_15_2003.txt,2003,1994-2003,4442,delay_family,\b(delays?|delayed|delaying)\b,10
13_subordinate_legislation_15_2003,13_Subordinate_Legislation_15_2003.txt,2003,1994-2003,4442,action_taken,\baction\s+taken\b,0
13_subordinate_legislation_15_2003,13_Subordinate_Legislation_15_2003.txt,2003,1994-2003,4442,recruitment,\brecruitment\b,12
13_subordinate_legislation_1_2000,13_Subordinate_Legislation_1_2000.txt,2000,1994-2003,8050,delay_exact,\bdelay\b,4
13_subordinate_legislation_1_2000,13_Subordinate_Legislation_1_2000.txt,2000,1994-2003,8050,delay_family,\b(delays?|delayed|delaying)\b,6
13_subordinate_legislation_1_2000,13_Subordinate_Legislation_1_2000.txt,2000,1994-2003,8050,action_taken,\baction\s+taken\b,3
13_subordinate_legislation_1_2000,13_Subordinate_Legislation_1_2000.txt,2000,1994-2003,8050,recruitment,\brecruitment\b,8
13_subordinate_legislation_2_2000,13_Subordinate_Legislation_2_2000.txt,2000,1994-2003,14299,delay_exact,\bdelay\b,12
13_subordinate_legislation_2_2000,13_Subordinate_Legislation_2_2000.txt,2000,1994-2003,14299,delay_family,\b(delays?|delayed|delaying)\b,12
13_subordinate_legislation_2_2000,13_Subordinate_Legislation_2_2000.txt,2000,1994-2003,14299,action_taken,\baction\s+taken\b,0
13_subordinate_legislation_2_2000,13_Subordinate_Legislation_2_2000.txt,2000,1994-2003,14299,recruitment,\brecruitment\b,97
13_subordinate_legislation_3_2000,13_Subordinate_Legislation_3_2000.txt,2000,1994-2003,10394,delay_exact,\bdelay\b,18
13_subordinate_legislation_3_2000,13_Subordinate_Legislation_3_2000.txt,2000,1994-2003,10394,delay_family,\b(delays?|delayed|delaying)\b,20
13_subordinate_legislation_3_2000,13_Subordinate_Legislation_3_2000.txt,2000,1994-2003,10394,action_taken,\baction\s+taken\b,1
13_subordinate_legislation_3_2000,13_Subordinate_Legislation_3_2000.txt,2000,1994-2003,10394,recruitment,\brecruitment\b,22
13_subordinate_legislation_4_2001,13_Subordinate_Legislation_4_2001.txt,2001,1994-2003,4976,delay_exact,\bdelay\b,10
13_subordinate_legislation_4_2001,13_Subordinate_Legislation_4_2001.txt,2001,1994-2003,4976,delay_family,\b(delays?|delayed|delaying)\b,14
13_subordinate_legislation_4_2001,13_Subordinate_Legislation_4_2001.txt,2001,1994-2003,4976,action_taken,\baction\s+taken\b,8
13_subordinate_legislation_4_2001,13_Subordinate_Legislation_4_2001.txt,2001,1994-2003,4976,recruitment,\brecruitment\b,12
13_subordinate_legislation_5_2001,13_Subordinate_Legislation_5_2001.txt,2001,1994-2003,6087,delay_exact,\bdelay\b,3
13_subordinate_legislation_5_2001,13_Subordinate_Legislation_5_2001.txt,2001,1994-2003,6087,delay_family,\b(delays?|delayed|delaying)\b,4
13_subordinate_legislation_5_2001,13_Subordinate_Legislation_5_2001.txt,2001,1994-2003,6087,action_taken,\baction\s+taken\b,7
13_subordinate_legislation_5_2001,13_Subordinate_Legislation_5_2001.txt,2001,1994-2003,6087,recruitment,\brecruitment\b,39
13_subordinate_legislation_6_2001,13_Subordinate_Legislation_6_2001.txt,2001,1994-2003,3829,delay_exact,\bdelay\b,3
13_subordinate_legislation_6_2001,13_Subordinate_Legislation_6_2001.txt,2001,1994-2003,3829,delay_family,\b(delays?|delayed|delaying)\b,7
13_subordinate_legislation_6_2001,13_Subordinate_Legislation_6_2001.txt,2001,1994-2003,3829,action_taken,\baction\s+taken\b,0
13_subordinate_legislation_6_2001,13_Subordinate_Legislation_6_2001.txt,2001,1994-2003,3829,recruitment,\brecruitment\b,37
13_subordinate_legislation_7_2002,13_Subordinate_Legislation_7_2002.txt,2002,1994-2003,2670,delay_exact,\bdelay\b,2
13_subordinate_legislation_7_2002,13_Subordinate_Legislation_7_2002.txt,2002,1994-2003,2670,delay_family,\b(delays?|delayed|delaying)\b,2
13_subordinate_legislation_7_2002,13_Subordinate_Legislation_7_2002.txt,2002,1994-2003,2670,action_taken,\baction\s+taken\b,0
13_subordinate_legislation_7_2002,13_Subordinate_Legislation_7_2002.txt,2002,1994-2003,2670,recruitment,\brecruitment\b,7
13_subordinate_legislation_8_2002,13_Subordinate_Legislation_8_2002.txt,2002,1994-2003,3561,delay_exact,\bdelay\b,9
13_subordinate_legislation_8_2002,13_Subordinate_Legislation_8_2002.txt,2002,1994-2003,3561,delay_family,\b(delays?|delayed|delaying)\b,12
13_subordinate_legislation_8_2002,13_Subordinate_Legislation_8_2002.txt,2002,1994-2003,3561,action_taken,\baction\s+taken\b,7
13_subordinate_legislation_8_2002,13_Subordinate_Legislation_8_2002.txt,2002,1994-2003,3561,recruitment,\brecruitment\b,1
13_subordinate_legislation_9_2002,13_Subordinate_Legislation_9_2002.txt,2002,1994-2003,8167,delay_exact,\bdelay\b,2
13_subordinate_legislation_9_2002,13_Subordinate_Legislation_9_2002.txt,2002,1994-2003,8167,delay_family,\b(delays?|delayed|delaying)\b,3
13_subordinate_legislation_9_2002,13_Subordinate_Legislation_9_2002.txt,2002,1994-2003,8167,action_taken,\baction\s+taken\b,0
13_subordinate_legislation_9_2002,13_Subordinate_Legislation_9_2002.txt,2002,1994-2003,8167,recruitment,\brecruitment\b,30
14_subordinate_legislation_10_2005,14_Subordinate_Legislation_10_2005.txt,2005,2004-2013,8160,delay_exact,\bdelay\b,2
14_subordinate_legislation_10_2005,14_Subordinate_Legislation_10_2005.txt,2005,2004-2013,8160,delay_family,\b(delays?|delayed|delaying)\b,6
14_subordinate_legislation_10_2005,14_Subordinate_Legislation_10_2005.txt,2005,2004-2013,8160,action_taken,\baction\s+taken\b,11
14_subordinate_legislation_10_2005,14_Subordinate_Legislation_10_2005.txt,2005,2004-2013,8160,recruitment,\brecruitment\b,18
14_subordinate_legislation_11_2006,14_Subordinate_Legislation_11_2006.txt,2006,2004-2013,3924,delay_exact,\bdelay\b,1
14_subordinate_legislation_11_2006,14_Subordinate_Legislation_11_2006.txt,2006,2004-2013,3924,delay_family,\b(delays?|delayed|delaying)\b,2
14_subordinate_legislation_11_2006,14_Subordinate_Legislation_11_2006.txt,2006,2004-2013,3924,action_taken,\baction\s+taken\b,17
14_subordinate_legislation_11_2006,14_Subordinate_Legislation_11_2006.txt,2006,2004-2013,3924,recruitment,\brecruitment\b,11
14_subordinate_legislation_12_2006,14_Subordinate_Legislation_12_2006.txt,2006,2004-2013,5976,delay_exact,\bdelay\b,6
14_subordinate_legislation_12_2006,14_Subordinate_Legislation_12_2006.txt,2006,2004-2013,5976,delay_family,\b(delays?|delayed|delaying)\b,6
14_subordinate_legislation_12_2006,14_Subordinate_Legislation_12_2006.txt,2006,2004-2013,5976,action_taken,\baction\s+taken\b,0
14_subordinate_legislation_12_2006,14_Subordinate_Legislation_12_2006.txt,2006,2004-2013,5976,recruitment,\brecruitment\b,17
14_subordinate_legislation_13_2006,14_Subordinate_Legislation_13_2006.txt,2006,2004-2013,3998,delay_exact,\bdelay\b,8
14_subordinate_legislation_13_2006,14_Subordinate_Legislation_13_2006.txt,2006,2004-2013,3998,delay_family,\b(delays?|delayed|delaying)\b,12
14_subordinate_legislation_13_2006,14_Subordinate_Legislation_13_2006.txt,2006,2004-2013,3998,action_taken,\baction\s+taken\b,0
14_subordinate_legislation_13_2006,14_Subordinate_Legislation_13_2006.txt,2006,2004-2013,3998,recruitment,\brecruitment\b,10
14_subordinate_legislation_14_2006,14_Subordinate_Legislation_14_2006.txt,2006,2004-2013,4075,delay_exact,\bdelay\b,6
14_subordinate_legislation_14_2006,14_Subordinate_Legislation_14_2006.txt,2006,2004-2013,4075,delay_family,\b(delays?|delayed|delaying)\b,7
14_subordinate_legislation_14_2006,14_Subordinate_Legislation_14_2006.txt,2006,2004-2013,4075,action_taken,\baction\s+taken\b,11
14_subordinate_legislation_14_2006,14_Subordinate_Legislation_14_2006.txt,2006,2004-2013,4075,recruitment,\brecruitment\b,6
14_subordinate_legislation_15_2007,14_Subordinate_Legislation_15_2007.txt,2007,2004-2013,5545,delay_exact,\bdelay\b,2
14_subordinate_legislation_15_2007,14_Subordinate_Legislation_15_2007.txt,2007,2004-2013,5545,delay_family,\b(delays?|delayed|delaying)\b,2
14_subordinate_legislation_15_2007,14_Subordinate_Legislation_15_2007.txt,2007,2004-2013,5545,action_taken,\baction\s+taken\b,0
14_subordinate_legislation_15_2007,14_Subordinate_Legislation_15_2007.txt,2007,2004-2013,5545,recruitment,\brecruitment\b,17
14_subordinate_legislation_16_2007,14_Subordinate_Legislation_16_2007.txt,2007,2004-2013,6197,delay_exact,\bdelay\b,5
14_subordinate_legislation_16_2007,14_Subordinate_Legislation_16_2007.txt,2007,2004-2013,6197,delay_family,\b(delays?|delayed|delaying)\b,5
14_subordinate_legislation_16_2007,14_Subordinate_Legislation_16_2007.txt,2007,2004-2013,6197,action_taken,\baction\s+taken\b,2
14_subordinate_legislation_16_2007,14_Subordinate_Legislation_16_2007.txt,2007,2004-2013,6197,recruitment,\brecruitment\b,6
14_subordinate_legislation_17_2007,14_Subordinate_Legislation_17_2007.txt,2007,2004-2013,5282,delay_exact,\bdelay\b,0
14_subordinate_legislation_17_2007,14_Subordinate_Legislation_17_2007.txt,2007,2004-2013,5282,delay_family,\b(delays?|delayed|delaying)\b,0
14_subordinate_legislation_17_2007,14_Subordinate_Legislation_17_2007.txt,2007,2004-2013,5282,action_taken,\baction\s+taken\b,2
14_subordinate_legislation_17_2007,14_Subordinate_Legislation_17_2007.txt,2007,2004-2013,5282,recruitment,\brecruitment\b,0
14_subordinate_legislation_18_2007,14_Subordinate_Legislation_18_2007.txt,2007,2004-2013,7520,delay_exact,\bdelay\b,10
14_subordinate_legislation_18_2007,14_Subordinate_Legislation_18_2007.txt,2007,2004-2013,7520,delay_family,\b(delays?|delayed|delaying)\b,10
14_subordinate_legislation_18_2007,14_Subordinate_Legislation_18_2007.txt,2007,2004-2013,7520,action_taken,\baction\s+taken\b,0
14_subordinate_legislation_18_2007,14_Subordinate_Legislation_18_2007.txt,2007,2004-2013,7520,recruitment,\brecruitment\b,0
14_subordinate_legislation_19_2008,14_Subordinate_Legislation_19_2008.txt,2008,2004-2013,6983,delay_exact,\bdelay\b,0
14_subordinate_legislation_19_2008,14_Subordinate_Legislation_19_2008.txt,2008,2004-2013,6983,delay_family,\b(delays?|delayed|delaying)\b,0
14_subordinate_legislation_19_2008,14_Subordinate_Legislation_19_2008.txt,2008,2004-2013,6983,action_taken,\baction\s+taken\b,2
14_subordinate_legislation_19_2008,14_Subordinate_Legislation_19_2008.txt,2008,2004-2013,6983,recruitment,\brecruitment\b,43
14_subordinate_legislation_1_2004,14_Subordinate_Legislation_1_2004.txt,2004,2004-2013,13129,delay_exact,\bdelay\b,4
14_subordinate_legislation_1_2004,14_Subordinate_Legislation_1_2004.txt,2004,2004-2013,13129,delay_family,\b(delays?|delayed|delaying)\b,4
14_subordinate_legislation_1_2004,14_Subordinate_Legislation_1_2004.txt,2004,2004-2013,13129,action_taken,\baction\s+taken\b,6
14_subordinate_legislation_1_2004,14_Subordinate_Legislation_1_2004.txt,2004,2004-2013,13129,recruitment,\brecruitment\b,0
14_subordinate_legislation_20_2008,14_Subordinate_Legislation_20_2008.txt,2008,2004-2013,12715,delay_exact,\bdelay\b,0
14_subordinate_legislation_20_2008,14_Subordinate_Legislation_20_2008.txt,2008,2004-2013,12715,delay_family,\b(delays?|delayed|delaying)\b,0
14_subordinate_legislation_20_2008,14_Subordinate_Legislation_20_2008.txt,2008,2004-2013,12715,action_taken,\baction\s+taken\b,2
14_subordinate_legislation_20_2008,14_Subordinate_Legislation_20_2008.txt,2008,2004-2013,12715,recruitment,\brecruitment\b,2
14_subordinate_legislation_21_2008,14_Subordinate_Legislation_21_2008.txt,2008,2004-2013,9849,delay_exact,\bdelay\b,45
14_subordinate_legislation_21_2008,14_Subordinate_Legislation_21_2008.txt,2008,2004-2013,9849,delay_family,\b(delays?|delayed|delaying)\b,55
14_subordinate_legislation_21_2008,14_Subordinate_Legislation_21_2008.txt,2008,2004-2013,9849,action_taken,\baction\s+taken\b,2
14_subordinate_legislation_21_2008,14_Subordinate_Legislation_21_2008.txt,2008,2004-2013,9849,recruitment,\brecruitment\b,26
14_subordinate_legislation_22_2008,14_Subordinate_Legislation_22_2008.txt,2008,2004-2013,8741,delay_exact,\bdelay\b,16
14_subordinate_legislation_22_2008,14_Subordinate_Legislation_22_2008.txt,2008,2004-2013,8741,delay_family,\b(delays?|delayed|delaying)\b,18
14_subordinate_legislation_22_2008,14_Subordinate_Legislation_22_2008.txt,2008,2004-2013,8741,action_taken,\baction\s+taken\b,4
14_subordinate_legislation_22_2008,14_Subordinate_Legislation_22_2008.txt,2008,2004-2013,8741,recruitment,\brecruitment\b,7
14_subordinate_legislation_24_2009,14_Subordinate_Legislation_24_2009.txt,2009,2004-2013,7477,delay_exact,\bdelay\b,21
14_subordinate_legislation_24_2009,14_Subordinate_Legislation_24_2009.txt,2009,2004-2013,7477,delay_family,\b(delays?|delayed|delaying)\b,27
14_subordinate_legislation_24_2009,14_Subordinate_Legislation_24_2009.txt,2009,2004-2013,7477,action_taken,\baction\s+taken\b,0
14_subordinate_legislation_24_2009,14_Subordinate_Legislation_24_2009.txt,2009,2004-2013,7477,recruitment,\brecruitment\b,8
14_subordinate_legislation_25_2009,14_Subordinate_Legislation_25_2009.txt,2009,2004-2013,3847,delay_exact,\bdelay\b,37
14_subordinate_legislation_25_2009,14_Subordinate_Legislation_25_2009.txt,2009,2004-2013,3847,delay_family,\b(delays?|delayed|delaying)\b,43
14_subordinate_legislation_25_2009,14_Subordinate_Legislation_25_2009.txt,2009,2004-2013,3847,action_taken,\baction\s+taken\b,0
14_subordinate_legislation_25_2009,14_Subordinate_Legislation_25_2009.txt,2009,2004-2013,3847,recruitment,\brecruitment\b,0
14_subordinate_legislation_2_2004,14_Subordinate_Legislation_2_2004.txt,2004,2004-2013,3327,delay_exact,\bdelay\b,0
14_subordinate_legislation_2_2004,14_Subordinate_Legislation_2_2004.txt,2004,2004-2013,3327,delay_family,\b(delays?|delayed|delaying)\b,0
14_subordinate_legislation_2_2004,14_Subordinate_Legislation_2_2004.txt,2004,2004-2013,3327,action_taken,\baction\s+taken\b,0
14_subordinate_legislation_2_2004,14_Subordinate_Legislation_2_2004.txt,2004,2004-2013,3327,recruitment,\brecruitment\b,36
14_subordinate_legislation_3_2005,14_Subordinate_Legislation_3_2005.txt,2005,2004-2013,5830,delay_exact,\bdelay\b,48
14_subordinate_legislation_3_2005,14_Subordinate_Legislation_3_2005.txt,2005,2004-2013,5830,delay_family,\b(delays?|delayed|delaying)\b,51
14_subordinate_legislation_3_2005,14_Subordinate_Legislation_3_2005.txt,2005,2004-2013,5830,action_taken,\baction\s+taken\b,3
14_subordinate_legislation_3_2005,14_Subordinate_Legislation_3_2005.txt,2005,2004-2013,5830,recruitment,\brecruitment\b,0
14_subordinate_legislation_4_2005,14_Subordinate_Legislation_4_2005.txt,2005,2004-2013,5964,delay_exact,\bdelay\b,19
14_subordinate_legislation_4_2005,14_Subordinate_Legislation_4_2005.txt,2005,2004-2013,5964,delay_family,\b(delays?|delayed|delaying)\b,21
14_subordinate_legislation_4_2005,14_Subordinate_Legislation_4_2005.txt,2005,2004-2013,5964,action_taken,\baction\s+taken\b,23
14_subordinate_legislation_4_2005,14_Subordinate_Legislation_4_2005.txt,2005,2004-2013,5964,recruitment,\brecruitment\b,4
14_subordinate_legislation_5_2005,14_Subordinate_Legislation_5_2005.txt,2005,2004-2013,8643,delay_exact,\bdelay\b,10
14_subordinate_legislation_5_2005,14_Subordinate_Legislation_5_2005.txt,2005,2004-2013,8643,delay_family,\b(delays?|delayed|delaying)\b,12
14_subordinate_legislation_5_2005,14_Subordinate_Legislation_5_2005.txt,2005,2004-2013,8643,action_taken,\baction\s+taken\b,0
14_subordinate_legislation_5_2005,14_Subordinate_Legislation_5_2005.txt,2005,2004-2013,8643,recruitment,\brecruitment\b,14
14_subordinate_legislation_6_2005,14_Subordinate_Legislation_6_2005.txt,2005,2004-2013,5773,delay_exact,\bdelay\b,22
14_subordinate_legislation_6_2005,14_Subordinate_Legislation_6_2005.txt,2005,2004-2013,5773,delay_family,\b(delays?|delayed|delaying)\b,25
14_subordinate_legislation_6_2005,14_Subordinate_Legislation_6_2005.txt,2005,2004-2013,5773,action_taken,\baction\s+taken\b,14
14_subordinate_legislation_6_2005,14_Subordinate_Legislation_6_2005.txt,2005,2004-2013,5773,recruitment,\brecruitment\b,17
14_subordinate_legislation_7_2005,14_Subordinate_Legislation_7_2005.txt,2005,2004-2013,4586,delay_exact,\bdelay\b,0
14_subordinate_legislation_7_2005,14_Subordinate_Legislation_7_2005.txt,2005,2004-2013,4586,delay_family,\b(delays?|delayed|delaying)\b,0
14_subordinate_legislation_7_2005,14_Subordinate_Legislation_7_2005.txt,2005,2004-2013,4586,action_taken,\baction\s+taken\b,0
14_subordinate_legislation_7_2005,14_Subordinate_Legislation_7_2005.txt,2005,2004-2013,4586,recruitment,\brecruitment\b,11
14_subordinate_legislation_8_2005,14_Subordinate_Legislation_8_2005.txt,2005,2004-2013,7499,delay_exact,\bdelay\b,12
14_subordinate_legislation_8_2005,14_Subordinate_Legislation_8_2005.txt,2005,2004-2013,7499,delay_family,\b(delays?|delayed|delaying)\b,12
14_subordinate_legislation_8_2005,14_Subordinate_Legislation_8_2005.txt,2005,2004-2013,7499,action_taken,\baction\s+taken\b,0
14_subordinate_legislation_8_2005,14_Subordinate_Legislation_8_2005.txt,2005,2004-2013,7499,recruitment,\brecruitment\b,0
14_subordinate_legislation_9_2005,14_Subordinate_Legislation_9_2005.txt,2005,2004-2013,4550,delay_exact,\bdelay\b,3
14_subordinate_legislation_9_2005,14_Subordinate_Legislation_9_2005.txt,2005,2004-2013,4550,delay_family,\b(delays?|delayed|delaying)\b,5
14_subordinate_legislation_9_2005,14_Subordinate_Legislation_9_2005.txt,2005,2004-2013,4550,action_taken,\baction\s+taken\b,17
14_subordinate_legislation_9_2005,14_Subordinate_Legislation_9_2005.txt,2005,2004-2013,4550,recruitment,\brecruitment\b,2
15_subordinate_legislation_10_2010,15_Subordinate_Legislation_10_2010.txt,2010,2004-2013,7766,delay_exact,\bdelay\b,1
15_subordinate_legislation_10_2010,15_Subordinate_Legislation_10_2010.txt,2010,2004-2013,7766,delay_family,\b(delays?|delayed|delaying)\b,1
15_subordinate_legislation_10_2010,15_Subordinate_Legislation_10_2010.txt,2010,2004-2013,7766,action_taken,\baction\s+taken\b,13
15_subordinate_legislation_10_2010,15_Subordinate_Legislation_10_2010.txt,2010,2004-2013,7766,recruitment,\brecruitment\b,1
15_subordinate_legislation_13_2010,15_Subordinate_Legislation_13_2010.txt,2010,2004-2013,3119,delay_exact,\bdelay\b,1
15_subordinate_legislation_13_2010,15_Subordinate_Legislation_13_2010.txt,2010,2004-2013,3119,delay_family,\b(delays?|delayed|delaying)\b,1
15_subordinate_legislation_13_2010,15_Subordinate_Legislation_13_2010.txt,2010,2004-2013,3119,action_taken,\baction\s+taken\b,15
15_subordinate_legislation_13_2010,15_Subordinate_Legislation_13_2010.txt,2010,2004-2013,3119,recruitment,\brecruitment\b,20
15_subordinate_legislation_14_2010,15_Subordinate_Legislation_14_2010.txt,2010,2004-2013,8016,delay_exact,\bdelay\b,0
15_subordinate_legislation_14_2010,15_Subordinate_Legislation_14_2010.txt,2010,2004-2013,8016,delay_family,\b(delays?|delayed|delaying)\b,0
15_subordinate_legislation_14_2010,15_Subordinate_Legislation_14_2010.txt,2010,2004-2013,8016,action_taken,\baction\s+taken\b,3
15_subordinate_legislation_14_2010,15_Subordinate_Legislation_14_2010.txt,2010,2004-2013,8016,recruitment,\brecruitment\b,9
15_subordinate_legislation_15_2010,15_Subordinate_Legislation_15_2010.txt,2010,2004-2013,3414,delay_exact,\bdelay\b,2
15_subordinate_legislation_15_2010,15_Subordinate_Legislation_15_2010.txt,2010,2004-2013,3414,delay_family,\b(delays?|delayed|delaying)\b,2
15_subordinate_legislation_15_2010,15_Subordinate_Legislation_15_2010.txt,2010,2004-2013,3414,action_taken,\baction\s+taken\b,12
15_subordinate_legislation_15_2010,15_Subordinate_Legislation_15_2010.txt,2010,2004-2013,3414,recruitment,\brecruitment\b,0
15_subordinate_legislation_16_2011,15_Subordinate_Legislation_16_2011.txt,2011,2004-2013,4457,delay_exact,\bdelay\b,30
15_subordinate_legislation_16_2011,15_Subordinate_Legislation_16_2011.txt,2011,2004-2013,4457,delay_family,\b(delays?|delayed|delaying)\b,30
15_subordinate_legislation_16_2011,15_Subordinate_Legislation_16_2011.txt,2011,2004-2013,4457,action_taken,\baction\s+taken\b,0
15_subordinate_legislation_16_2011,15_Subordinate_Legislation_16_2011.txt,2011,2004-2013,4457,recruitment,\brecruitment\b,0
15_subordinate_legislation_17_2011,15_Subordinate_Legislation_17_2011.txt,2011,2004-2013,3450,delay_exact,\bdelay\b,0
15_subordinate_legislation_17_2011,15_Subordinate_Legislation_17_2011.txt,2011,2004-2013,3450,delay_family,\b(delays?|delayed|delaying)\b,0
15_subordinate_legislation_17_2011,15_Subordinate_Legislation_17_2011.txt,2011,2004-2013,3450,action_taken,\baction\s+taken\b,2
15_subordinate_legislation_17_2011,15_Subordinate_Legislation_17_2011.txt,2011,2004-2013,3450,recruitment,\brecruitment\b,12
15_subordinate_legislation_18_2011,15_Subordinate_Legislation_18_2011.txt,2011,2004-2013,2327,delay_exact,\bdelay\b,4
15_subordinate_legislation_18_2011,15_Subordinate_Legislation_18_2011.txt,2011,2004-2013,2327,delay_family,\b(delays?|delayed|delaying)\b,5
15_subordinate_legislation_18_2011,15_Subordinate_Legislation_18_2011.txt,2011,2004-2013,2327,action_taken,\baction\s+taken\b,12
15_subordinate_legislation_18_2011,15_Subordinate_Legislation_18_2011.txt,2011,2004-2013,2327,recruitment,\brecruitment\b,0
15_subordinate_legislation_19_2011,15_Subordinate_Legislation_19_2011.txt,2011,2004-2013,3674,delay_exact,\bdelay\b,23
15_subordinate_legislation_19_2011,15_Subordinate_Legislation_19_2011.txt,2011,2004-2013,3674,delay_family,\b(delays?|delayed|delaying)\b,25
15_subordinate_legislation_19_2011,15_Subordinate_Legislation_19_2011.txt,2011,2004-2013,3674,action_taken,\baction\s+taken\b,1
15_subordinate_legislation_19_2011,15_Subordinate_Legislation_19_2011.txt,2011,2004-2013,3674,recruitment,\brecruitment\b,0
15_subordinate_legislation_20_2011,15_Subordinate_Legislation_20_2011.txt,2011,2004-2013,3234,delay_exact,\bdelay\b,0
15_subordinate_legislation_20_2011,15_Subordinate_Legislation_20_2011.txt,2011,2004-2013,3234,delay_family,\b(delays?|delayed|delaying)\b,0
15_subordinate_legislation_20_2011,15_Subordinate_Legislation_20_2011.txt,2011,2004-2013,3234,action_taken,\baction\s+taken\b,14
15_subordinate_legislation_20_2011,15_Subordinate_Legislation_20_2011.txt,2011,2004-2013,3234,recruitment,\brecruitment\b,16
15_subordinate_legislation_21_2011,15_Subordinate_Legislation_21_2011.txt,2011,2004-2013,13206,delay_exact,\bdelay\b,66
15_subordinate_legislation_21_2011,15_Subordinate_Legislation_21_2011.txt,2011,2004-2013,13206,delay_family,\b(delays?|delayed|delaying)\b,71
15_subordinate_legislation_21_2011,15_Subordinate_Legislation_21_2011.txt,2011,2004-2013,13206,action_taken,\baction\s+taken\b,20
15_subordinate_legislation_21_2011,15_Subordinate_Legislation_21_2011.txt,2011,2004-2013,13206,recruitment,\brecruitment\b,0
15_subordinate_legislation_22_2011,15_Subordinate_Legislation_22_2011.txt,2011,2004-2013,5233,delay_exact,\bdelay\b,13
15_subordinate_legislation_22_2011,15_Subordinate_Legislation_22_2011.txt,2011,2004-2013,5233,delay_family,\b(delays?|delayed|delaying)\b,15
15_subordinate_legislation_22_2011,15_Subordinate_Legislation_22_2011.txt,2011,2004-2013,5233,action_taken,\baction\s+taken\b,0
15_subordinate_legislation_22_2011,15_Subordinate_Legislation_22_2011.txt,2011,2004-2013,5233,recruitment,\brecruitment\b,41
15_subordinate_legislation_23_2012,15_Subordinate_Legislation_23_2012.txt,2012,2004-2013,4507,delay_exact,\bdelay\b,18
15_subordinate_legislation_23_2012,15_Subordinate_Legislation_23_2012.txt,2012,2004-2013,4507,delay_family,\b(delays?|delayed|delaying)\b,20
15_subordinate_legislation_23_2012,15_Subordinate_Legislation_23_2012.txt,2012,2004-2013,4507,action_taken,\baction\s+taken\b,4
15_subordinate_legislation_23_2012,15_Subordinate_Legislation_23_2012.txt,2012,2004-2013,4507,recruitment,\brecruitment\b,12
15_subordinate_legislation_24_2012,15_Subordinate_Legislation_24_2012.txt,2012,2004-2013,2683,delay_exact,\bdelay\b,6
15_subordinate_legislation_24_2012,15_Subordinate_Legislation_24_2012.txt,2012,2004-2013,2683,delay_family,\b(delays?|delayed|delaying)\b,6
15_subordinate_legislation_24_2012,15_Subordinate_Legislation_24_2012.txt,2012,2004-2013,2683,action_taken,\baction\s+taken\b,13
15_subordinate_legislation_24_2012,15_Subordinate_Legislation_24_2012.txt,2012,2004-2013,2683,recruitment,\brecruitment\b,0
15_subordinate_legislation_25_2012,15_Subordinate_Legislation_25_2012.txt,2012,2004-2013,4155,delay_exact,\bdelay\b,8
15_subordinate_legislation_25_2012,15_Subordinate_Legislation_25_2012.txt,2012,2004-2013,4155,delay_family,\b(delays?|delayed|delaying)\b,8
15_subordinate_legislation_25_2012,15_Subordinate_Legislation_25_2012.txt,2012,2004-2013,4155,action_taken,\baction\s+taken\b,2
15_subordinate_legislation_25_2012,15_Subordinate_Legislation_25_2012.txt,2012,2004-2013,4155,recruitment,\brecruitment\b,15
15_subordinate_legislation_26_2012,15_Subordinate_Legislation_26_2012.txt,2012,2004-2013,4428,delay_exact,\bdelay\b,4
15_subordinate_legislation_26_2012,15_Subordinate_Legislation_26_2012.txt,2012,2004-2013,4428,delay_family,\b(delays?|delayed|delaying)\b,4
15_subordinate_legislation_26_2012,15_Subordinate_Legislation_26_2012.txt,2012,2004-2013,4428,action_taken,\baction\s+taken\b,0
15_subordinate_legislation_26_2012,15_Subordinate_Legislation_26_2012.txt,2012,2004-2013,4428,recruitment,\brecruitment\b,27
15_subordinate_legislation_27_2012,15_Subordinate_Legislation_27_2012.txt,2012,2004-2013,8659,delay_exact,\bdelay\b,15
15_subordinate_legislation_27_2012,15_Subordinate_Legislation_27_2012.txt,2012,2004-2013,8659,delay_family,\b(delays?|delayed|delaying)\b,16
15_subordinate_legislation_27_2012,15_Subordinate_Legislation_27_2012.txt,2012,2004-2013,8659,action_taken,\baction\s+taken\b,2
15_subordinate_legislation_27_2012,15_Subordinate_Legislation_27_2012.txt,2012,2004-2013,8659,recruitment,\brecruitment\b,0
15_subordinate_legislation_28_2012,15_Subordinate_Legislation_28_2012.txt,2012,2004-2013,2869,delay_exact,\bdelay\b,0
15_subordinate_legislation_28_2012,15_Subordinate_Legislation_28_2012.txt,2012,2004-2013,2869,delay_family,\b(delays?|delayed|delaying)\b,0
15_subordinate_legislation_28_2012,15_Subordinate_Legislation_28_2012.txt,2012,2004-2013,2869,action_taken,\baction\s+taken\b,14
15_subordinate_legislation_28_2012,15_Subordinate_Legislation_28_2012.txt,2012,2004-2013,2869,recruitment,\brecruitment\b,5
15_subordinate_legislation_29_2013,15_Subordinate_Legislation_29_2013.txt,2013,2004-2013,4954,delay_exact,\bdelay\b,2
15_subordinate_legislation_29_2013,15_Subordinate_Legislation_29_2013.txt,2013,2004-2013,4954,delay_family,\b(delays?|delayed|delaying)\b,3
15_subordinate_legislation_29_2013,15_Subordinate_Legislation_29_2013.txt,2013,2004-2013,4954,action_taken,\baction\s+taken\b,19
15_subordinate_legislation_29_2013,15_Subordinate_Legislation_29_2013.txt,2013,2004-2013,4954,recruitment,\brecruitment\b,0
15_subordinate_legislation_2_2010,15_Subordinate_Legislation_2_2010.txt,2010,2004-2013,4297,delay_exact,\bdelay\b,2
15_subordinate_legislation_2_2010,15_Subordinate_Legislation_2_2010.txt,2010,2004-2013,4297,delay_family,\b(delays?|delayed|delaying)\b,4
15_subordinate_legislation_2_2010,15_Subordinate_Legislation_2_2010.txt,2010,2004-2013,4297,action_taken,\baction\s+taken\b,0
15_subordinate_legislation_2_2010,15_Subordinate_Legislation_2_2010.txt,2010,2004-2013,4297,recruitment,\brecruitment\b,11
15_subordinate_legislation_30_2013,15_Subordinate_Legislation_30_2013.txt,2013,2004-2013,4972,delay_exact,\bdelay\b,7
15_subordinate_legislation_30_2013,15_Subordinate_Legislation_30_2013.txt,2013,2004-2013,4972,delay_family,\b(delays?|delayed|delaying)\b,7
15_subordinate_legislation_30_2013,15_Subordinate_Legislation_30_2013.txt,2013,2004-2013,4972,action_taken,\baction\s+taken\b,4
15_subordinate_legislation_30_2013,15_Subordinate_Legislation_30_2013.txt,2013,2004-2013,4972,recruitment,\brecruitment\b,0
15_subordinate_legislation_31_2013,15_Subordinate_Legislation_31_2013.txt,2013,2004-2013,19957,delay_exact,\bdelay\b,7
15_subordinate_legislation_31_2013,15_Subordinate_Legislation_31_2013.txt,2013,2004-2013,19957,delay_family,\b(delays?|delayed|delaying)\b,7
15_subordinate_legislation_31_2013,15_Subordinate_Legislation_31_2013.txt,2013,2004-2013,19957,action_taken,\baction\s+taken\b,0
15_subordinate_legislation_31_2013,15_Subordinate_Legislation_31_2013.txt,2013,2004-2013,19957,recruitment,\brecruitment\b,0
15_subordinate_legislation_32_2013,15_Subordinate_Legislation_32_2013.txt,2013,2004-2013,4661,delay_exact,\bdelay\b,2
15_subordinate_legislation_32_2013,15_Subordinate_Legislation_32_2013.txt,2013,2004-2013,4661,delay_family,\b(delays?|delayed|delaying)\b,5
15_subordinate_legislation_32_2013,15_Subordinate_Legislation_32_2013.txt,2013,2004-2013,4661,action_taken,\baction\s+taken\b,1
15_subordinate_legislation_32_2013,15_Subordinate_Legislation_32_2013.txt,2013,2004-2013,4661,recruitment,\brecruitment\b,14
15_subordinate_legislation_33_2013,15_Subordinate_Legislation_33_2013.txt,2013,2004-2013,2886,delay_exact,\bdelay\b,19
15_subordinate_legislation_33_2013,15_Subordinate_Legislation_33_2013.txt,2013,2004-2013,2886,delay_family,\b(delays?|delayed|delaying)\b,20
15_subordinate_legislation_33_2013,15_Subordinate_Legislation_33_2013.txt,2013,2004-2013,2886,action_taken,\baction\s+taken\b,0
15_subordinate_legislation_33_2013,15_Subordinate_Legislation_33_2013.txt,2013,2004-2013,2886,recruitment,\brecruitment\b,15
15_subordinate_legislation_34_2013,15_Subordinate_Legislation_34_2013.txt,2013,2004-2013,2104,delay_exact,\bdelay\b,7
15_subordinate_legislation_34_2013,15_Subordinate_Legislation_34_2013.txt,2013,2004-2013,2104,delay_family,\b(delays?|delayed|delaying)\b,8
15_subordinate_legislation_34_2013,15_Subordinate_Legislation_34_2013.txt,2013,2004-2013,2104,action_taken,\baction\s+taken\b,12
15_subordinate_legislation_34_2013,15_Subordinate_Legislation_34_2013.txt,2013,2004-2013,2104,recruitment,\brecruitment\b,0
15_subordinate_legislation_35_2013,15_Subordinate_Legislation_35_2013.txt,2013,2004-2013,2195,delay_exact,\bdelay\b,8
15_subordinate_legislation_35_2013,15_Subordinate_Legislation_35_2013.txt,2013,2004-2013,2195,delay_family,\b(delays?|delayed|delaying)\b,9
15_subordinate_legislation_35_2013,15_Subordinate_Legislation_35_2013.txt,2013,2004-2013,2195,action_taken,\baction\s+taken\b,14
15_subordinate_legislation_35_2013,15_Subordinate_Legislation_35_2013.txt,2013,2004-2013,2195,recruitment,\brecruitment\b,4
15_subordinate_legislation_36_2013,15_Subordinate_Legislation_36_2013.txt,2013,2004-2013,2829,delay_exact,\bdelay\b,0
15_subordinate_legislation_36_2013,15_Subordinate_Legislation_36_2013.txt,2013,2004-2013,2829,delay_family,\b(delays?|delayed|delaying)\b,0
15_subordinate_legislation_36_2013,15_Subordinate_Legislation_36_2013.txt,2013,2004-2013,2829,action_taken,\baction\s+taken\b,0
15_subordinate_legislation_36_2013,15_Subordinate_Legislation_36_2013.txt,2013,2004-2013,2829,recruitment,\brecruitment\b,6
15_subordinate_legislation_37_2013,15_Subordinate_Legislation_37_2013.txt,2013,2004-2013,3197,delay_exact,\bdelay\b,9
15_subordinate_legislation_37_2013,15_Subordinate_Legislation_37_2013.txt,2013,2004-2013,3197,delay_family,\b(delays?|delayed|delaying)\b,9
15_subordinate_legislation_37_2013,15_Subordinate_Legislation_37_2013.txt,2013,2004-2013,3197,action_taken,\baction\s+taken\b,0
15_subordinate_legislation_37_2013,15_Subordinate_Legislation_37_2013.txt,2013,2004-2013,3197,recruitment,\brecruitment\b,0
15_subordinate_legislation_38_2014,15_Subordinate_Legislation_38_2014.txt,2014,2014-2023,5725,delay_exact,\bdelay\b,18
15_subordinate_legislation_38_2014,15_Subordinate_Legislation_38_2014.txt,2014,2014-2023,5725,delay_family,\b(delays?|delayed|delaying)\b,22
15_subordinate_legislation_38_2014,15_Subordinate_Legislation_38_2014.txt,2014,2014-2023,5725,action_taken,\baction\s+taken\b,2
15_subordinate_legislation_38_2014,15_Subordinate_Legislation_38_2014.txt,2014,2014-2023,5725,recruitment,\brecruitment\b,42
15_subordinate_legislation_39_2014,15_Subordinate_Legislation_39_2014.txt,2014,2014-2023,5516,delay_exact,\bdelay\b,8
15_subordinate_legislation_39_2014,15_Subordinate_Legislation_39_2014.txt,2014,2014-2023,5516,delay_family,\b(delays?|delayed|delaying)\b,10
15_subordinate_legislation_39_2014,15_Subordinate_Legislation_39_2014.txt,2014,2014-2023,5516,action_taken,\baction\s+taken\b,0
15_subordinate_legislation_39_2014,15_Subordinate_Legislation_39_2014.txt,2014,2014-2023,5516,recruitment,\brecruitment\b,31
15_subordinate_legislation_3_2010,15_Subordinate_Legislation_3_2010.txt,2010,2004-2013,5366,delay_exact,\bdelay\b,15
15_subordinate_legislation_3_2010,15_Subordinate_Legislation_3_2010.txt,2010,2004-2013,5366,delay_family,\b(delays?|delayed|delaying)\b,16
15_subordinate_legislation_3_2010,15_Subordinate_Legislation_3_2010.txt,2010,2004-2013,5366,action_taken,\baction\s+taken\b,2
15_subordinate_legislation_3_2010,15_Subordinate_Legislation_3_2010.txt,2010,2004-2013,5366,recruitment,\brecruitment\b,0
15_subordinate_legislation_40_2014,15_Subordinate_Legislation_40_2014.txt,2014,2014-2023,4752,delay_exact,\bdelay\b,10
15_subordinate_legislation_40_2014,15_Subordinate_Legislation_40_2014.txt,2014,2014-2023,4752,delay_family,\b(delays?|delayed|delaying)\b,10
15_subordinate_legislation_40_2014,15_Subordinate_Legislation_40_2014.txt,2014,2014-2023,4752,action_taken,\baction\s+taken\b,17
15_subordinate_legislation_40_2014,15_Subordinate_Legislation_40_2014.txt,2014,2014-2023,4752,recruitment,\brecruitment\b,0
15_subordinate_legislation_4_2010,15_Subordinate_Legislation_4_2010.txt,2010,2004-2013,4345,delay_exact,\bdelay\b,21
15_subordinate_legislation_4_2010,15_Subordinate_Legislation_4_2010.txt,2010,2004-2013,4345,delay_family,\b(delays?|delayed|delaying)\b,24
15_subordinate_legislation_4_2010,15_Subordinate_Legislation_4_2010.txt,2010,2004-2013,4345,action_taken,\baction\s+taken\b,0
15_subordinate_legislation_4_2010,15_Subordinate_Legislation_4_2010.txt,2010,2004-2013,4345,recruitment,\brecruitment\b,0
15_subordinate_legislation_5_2010,15_Subordinate_Legislation_5_2010.txt,2010,2004-2013,5161,delay_exact,\bdelay\b,0
15_subordinate_legislation_5_2010,15_Subordinate_Legislation_5_2010.txt,2010,2004-2013,5161,delay_family,\b(delays?|delayed|delaying)\b,0
15_subordinate_legislation_5_2010,15_Subordinate_Legislation_5_2010.txt,2010,2004-2013,5161,action_taken,\baction\s+taken\b,2
15_subordinate_legislation_5_2010,15_Subordinate_Legislation_5_2010.txt,2010,2004-2013,5161,recruitment,\brecruitment\b,26
15_subordinate_legislation_6_2010,15_Subordinate_Legislation_6_2010.txt,2010,2004-2013,1890,delay_exact,\bdelay\b,3
15_subordinate_legislation_6_2010,15_Subordinate_Legislation_6_2010.txt,2010,2004-2013,1890,delay_family,\b(delays?|delayed|delaying)\b,6
15_subordinate_legislation_6_2010,15_Subordinate_Legislation_6_2010.txt,2010,2004-2013,1890,action_taken,\baction\s+taken\b,13
15_subordinate_legislation_6_2010,15_Subordinate_Legislation_6_2010.txt,2010,2004-2013,1890,recruitment,\brecruitment\b,6
15_subordinate_legislation_7_2010,15_Subordinate_Legislation_7_2010.txt,2010,2004-2013,2239,delay_exact,\bdelay\b,16
15_subordinate_legislation_7_2010,15_Subordinate_Legislation_7_2010.txt,2010,2004-2013,2239,delay_family,\b(delays?|delayed|delaying)\b,21
15_subordinate_legislation_7_2010,15_Subordinate_Legislation_7_2010.txt,2010,2004-2013,2239,action_taken,\baction\s+taken\b,11
15_subordinate_legislation_7_2010,15_Subordinate_Legislation_7_2010.txt,2010,2004-2013,2239,recruitment,\brecruitment\b,0
15_subordinate_legislation_8_2010,15_Subordinate_Legislation_8_2010.txt,2010,2004-2013,1890,delay_exact,\bdelay\b,3
15_subordinate_legislation_8_2010,15_Subordinate_Legislation_8_2010.txt,2010,2004-2013,1890,delay_family,\b(delays?|delayed|delaying)\b,6
15_subordinate_legislation_8_2010,15_Subordinate_Legislation_8_2010.txt,2010,2004-2013,1890,action_taken,\baction\s+taken\b,13
15_subordinate_legislation_8_2010,15_Subordinate_Legislation_8_2010.txt,2010,2004-2013,1890,recruitment,\brecruitment\b,6
15_subordinate_legislation_9_2010,15_Subordinate_Legislation_9_2010.txt,2010,2004-2013,1890,delay_exact,\bdelay\b,3
15_subordinate_legislation_9_2010,15_Subordinate_Legislation_9_2010.txt,2010,2004-2013,1890,delay_family,\b(delays?|delayed|delaying)\b,6
15_subordinate_legislation_9_2010,15_Subordinate_Legislation_9_2010.txt,2010,2004-2013,1890,action_taken,\baction\s+taken\b,13
15_subordinate_legislation_9_2010,15_Subordinate_Legislation_9_2010.txt,2010,2004-2013,1890,recruitment,\brecruitment\b,6
16_subordinate_legislation_10_2015,16_Subordinate_Legislation_10_2015.txt,2015,2014-2023,9335,delay_exact,\bdelay\b,10
16_subordinate_legislation_10_2015,16_Subordinate_Legislation_10_2015.txt,2015,2014-2023,9335,delay_family,\b(delays?|delayed|delaying)\b,10
16_subordinate_legislation_10_2015,16_Subordinate_Legislation_10_2015.txt,2015,2014-2023,9335,action_taken,\baction\s+taken\b,3
16_subordinate_legislation_10_2015,16_Subordinate_Legislation_10_2015.txt,2015,2014-2023,9335,recruitment,\brecruitment\b,81
16_subordinate_legislation_11_2016,16_Subordinate_Legislation_11_2016.txt,2016,2014-2023,32876,delay_exact,\bdelay\b,0
16_subordinate_legislation_11_2016,16_Subordinate_Legislation_11_2016.txt,2016,2014-2023,32876,delay_family,\b(delays?|delayed|delaying)\b,0
16_subordinate_legislation_11_2016,16_Subordinate_Legislation_11_2016.txt,2016,2014-2023,32876,action_taken,\baction\s+taken\b,0
16_subordinate_legislation_11_2016,16_Subordinate_Legislation_11_2016.txt,2016,2014-2023,32876,recruitment,\brecruitment\b,0
16_subordinate_legislation_12_2016,16_Subordinate_Legislation_12_2016.txt,2016,2014-2023,4841,delay_exact,\bdelay\b,0
16_subordinate_legislation_12_2016,16_Subordinate_Legislation_12_2016.txt,2016,2014-2023,4841,delay_family,\b(delays?|delayed|delaying)\b,0
16_subordinate_legislation_12_2016,16_Subordinate_Legislation_12_2016.txt,2016,2014-2023,4841,action_taken,\baction\s+taken\b,1
16_subordinate_legislation_12_2016,16_Subordinate_Legislation_12_2016.txt,2016,2014-2023,4841,recruitment,\brecruitment\b,0
16_subordinate_legislation_13_2016,16_Subordinate_Legislation_13_2016.txt,2016,2014-2023,6694,delay_exact,\bdelay\b,0
16_subordinate_legislation_13_2016,16_Subordinate_Legislation_13_2016.txt,2016,2014-2023,6694,delay_family,\b(delays?|delayed|delaying)\b,0
16_subordinate_legislation_13_2016,16_Subordinate_Legislation_13_2016.txt,2016,2014-2023,6694,action_taken,\baction\s+taken\b,2
16_subordinate_legislation_13_2016,16_Subordinate_Legislation_13_2016.txt,2016,2014-2023,6694,recruitment,\brecruitment\b,51
16_subordinate_legislation_14_2016,16_Subordinate_Legislation_14_2016.txt,2016,2014-2023,2171,delay_exact,\bdelay\b,13
16_subordinate_legislation_14_2016,16_Subordinate_Legislation_14_2016.txt,2016,2014-2023,2171,delay_family,\b(delays?|delayed|delaying)\b,13
16_subordinate_legislation_14_2016,16_Subordinate_Legislation_14_2016.txt,2016,2014-2023,2171,action_taken,\baction\s+taken\b,11
16_subordinate_legislation_14_2016,16_Subordinate_Legislation_14_2016.txt,2016,2014-2023,2171,recruitment,\brecruitment\b,5
16_subordinate_legislation_15_2016,16_Subordinate_Legislation_15_2016.txt,2016,2014-2023,11903,delay_exact,\bdelay\b,0
16_subordinate_legislation_15_2016,16_Subordinate_Legislation_15_2016.txt,2016,2014-2023,11903,delay_family,\b(delays?|delayed|delaying)\b,1
16_subordinate_legislation_15_2016,16_Subordinate_Legislation_15_2016.txt,2016,2014-2023,11903,action_taken,\baction\s+taken\b,2
16_subordinate_legislation_15_2016,16_Subordinate_Legislation_15_2016.txt,2016,2014-2023,11903,recruitment,\brecruitment\b,0
16_subordinate_legislation_16_2016,16_Subordinate_Legislation_16_2016.txt,2016,2014-2023,6200,delay_exact,\bdelay\b,1
16_subordinate_legislation_16_2016,16_Subordinate_Legislation_16_2016.txt,2016,2014-2023,6200,delay_family,\b(delays?|delayed|delaying)\b,1
16_subordinate_legislation_16_2016,16_Subordinate_Legislation_16_2016.txt,2016,2014-2023,6200,action_taken,\baction\s+taken\b,2
16_subordinate_legislation_16_2016,16_Subordinate_Legislation_16_2016.txt,2016,2014-2023,6200,recruitment,\brecruitment\b,35
16_subordinate_legislation_17_2016,16_Subordinate_Legislation_17_2016.txt,2016,2014-2023,2358,delay_exact,\bdelay\b,2
16_subordinate_legislation_17_2016,16_Subordinate_Legislation_17_2016.txt,2016,2014-2023,2358,delay_family,\b(delays?|delayed|delaying)\b,3
16_subordinate_legislation_17_2016,16_Subordinate_Legislation_17_2016.txt,2016,2014-2023,2358,action_taken,\baction\s+taken\b,13
16_subordinate_legislation_17_2016,16_Subordinate_Legislation_17_2016.txt,2016,2014-2023,2358,recruitment,\brecruitment\b,7
16_subordinate_legislation_18_2017,16_Subordinate_Legislation_18_2017.txt,2017,2014-2023,4636,delay_exact,\bdelay\b,1
16_subordinate_legislation_18_2017,16_Subordinate_Legislation_18_2017.txt,2017,2014-2023,4636,delay_family,\b(delays?|delayed|delaying)\b,3
16_subordinate_legislation_18_2017,16_Subordinate_Legislation_18_2017.txt,2017,2014-2023,4636,action_taken,\baction\s+taken\b,2
16_subordinate_legislation_18_2017,16_Subordinate_Legislation_18_2017.txt,2017,2014-2023,4636,recruitment,\brecruitment\b,0
16_subordinate_legislation_19_2017,16_Subordinate_Legislation_19_2017.txt,2017,2014-2023,3463,delay_exact,\bdelay\b,0
16_subordinate_legislation_19_2017,16_Subordinate_Legislation_19_2017.txt,2017,2014-2023,3463,delay_family,\b(delays?|delayed|delaying)\b,0
16_subordinate_legislation_19_2017,16_Subordinate_Legislation_19_2017.txt,2017,2014-2023,3463,action_taken,\baction\s+taken\b,13
16_subordinate_legislation_19_2017,16_Subordinate_Legislation_19_2017.txt,2017,2014-2023,3463,recruitment,\brecruitment\b,25
16_subordinate_legislation_1_2014,16_Subordinate_Legislation_1_2014.txt,2014,2014-2023,9210,delay_exact,\bdelay\b,6
16_subordinate_legislation_1_2014,16_Subordinate_Legislation_1_2014.txt,2014,2014-2023,9210,delay_family,\b(delays?|delayed|delaying)\b,6
16_subordinate_legislation_1_2014,16_Subordinate_Legislation_1_2014.txt,2014,2014-2023,9210,action_taken,\baction\s+taken\b,16
16_subordinate_legislation_1_2014,16_Subordinate_Legislation_1_2014.txt,2014,2014-2023,9210,recruitment,\brecruitment\b,0
16_subordinate_legislation_20_2017,16_Subordinate_Legislation_20_2017.txt,2017,2014-2023,6096,delay_exact,\bdelay\b,0
16_subordinate_legislation_20_2017,16_Subordinate_Legislation_20_2017.txt,2017,2014-2023,6096,delay_family,\b(delays?|delayed|delaying)\b,1
16_subordinate_legislation_20_2017,16_Subordinate_Legislation_20_2017.txt,2017,2014-2023,6096,action_taken,\baction\s+taken\b,0
16_subordinate_legislation_20_2017,16_Subordinate_Legislation_20_2017.txt,2017,2014-2023,6096,recruitment,\brecruitment\b,6
16_subordinate_legislation_21_2017,16_Subordinate_Legislation_21_2017.txt,2017,2014-2023,7488,delay_exact,\bdelay\b,7
16_subordinate_legislation_21_2017,16_Subordinate_Legislation_21_2017.txt,2017,2014-2023,7488,delay_family,\b(delays?|delayed|delaying)\b,11
16_subordinate_legislation_21_2017,16_Subordinate_Legislation_21_2017.txt,2017,2014-2023,7488,action_taken,\baction\s+taken\b,1
16_subordinate_legislation_21_2017,16_Subordinate_Legislation_21_2017.txt,2017,2014-2023,7488,recruitment,\brecruitment\b,0
16_subordinate_legislation_22_2017,16_Subordinate_Legislation_22_2017.txt,2017,2014-2023,3116,delay_exact,\bdelay\b,2
16_subordinate_legislation_22_2017,16_Subordinate_Legislation_22_2017.txt,2017,2014-2023,3116,delay_family,\b(delays?|delayed|delaying)\b,2
16_subordinate_legislation_22_2017,16_Subordinate_Legislation_22_2017.txt,2017,2014-2023,3116,action_taken,\baction\s+taken\b,3
16_subordinate_legislation_22_2017,16_Subordinate_Legislation_22_2017.txt,2017,2014-2023,3116,recruitment,\brecruitment\b,0
16_subordinate_legislation_23_2017,16_Subordinate_Legislation_23_2017.txt,2017,2014-2023,7272,delay_exact,\bdelay\b,0
16_subordinate_legislation_23_2017,16_Subordinate_Legislation_23_2017.txt,2017,2014-2023,7272,delay_family,\b(delays?|delayed|delaying)\b,1
16_subordinate_legislation_23_2017,16_Subordinate_Legislation_23_2017.txt,2017,2014-2023,7272,action_taken,\baction\s+taken\b,20
16_subordinate_legislation_23_2017,16_Subordinate_Legislation_23_2017.txt,2017,2014-2023,7272,recruitment,\brecruitment\b,0
16_subordinate_legislation_24_2017,16_Subordinate_Legislation_24_2017.txt,2017,2014-2023,3775,delay_exact,\bdelay\b,0
16_subordinate_legislation_24_2017,16_Subordinate_Legislation_24_2017.txt,2017,2014-2023,3775,delay_family,\b(delays?|delayed|delaying)\b,0
16_subordinate_legislation_24_2017,16_Subordinate_Legislation_24_2017.txt,2017,2014-2023,3775,action_taken,\baction\s+taken\b,2
16_subordinate_legislation_24_2017,16_Subordinate_Legislation_24_2017.txt,2017,2014-2023,3775,recruitment,\brecruitment\b,0
16_subordinate_legislation_25_2017,16_Subordinate_Legislation_25_2017.txt,2017,2014-2023,6243,delay_exact,\bdelay\b,0
16_subordinate_legislation_25_2017,16_Subordinate_Legislation_25_2017.txt,2017,2014-2023,6243,delay_family,\b(delays?|delayed|delaying)\b,1
16_subordinate_legislation_25_2017,16_Subordinate_Legislation_25_2017.txt,2017,2014-2023,6243,action_taken,\baction\s+taken\b,14
16_subordinate_legislation_25_2017,16_Subordinate_Legislation_25_2017.txt,2017,2014-2023,6243,recruitment,\brecruitment\b,0
16_subordinate_legislation_26_2018,16_Subordinate_Legislation_26_2018.txt,2018,2014-2023,7703,delay_exact,\bdelay\b,6
16_subordinate_legislation_26_2018,16_Subordinate_Legislation_26_2018.txt,2018,2014-2023,7703,delay_family,\b(delays?|delayed|delaying)\b,7
16_subordinate_legislation_26_2018,16_Subordinate_Legislation_26_2018.txt,2018,2014-2023,7703,action_taken,\baction\s+taken\b,3
16_subordinate_legislation_26_2018,16_Subordinate_Legislation_26_2018.txt,2018,2014-2023,7703,recruitment,\brecruitment\b,12
16_subordinate_legislation_27_2018,16_Subordinate_Legislation_27_2018.txt,2018,2014-2023,2250,delay_exact,\bdelay\b,0
16_subordinate_legislation_27_2018,16_Subordinate_Legislation_27_2018.txt,2018,2014-2023,2250,delay_family,\b(delays?|delayed|delaying)\b,0
16_subordinate_legislation_27_2018,16_Subordinate_Legislation_27_2018.txt,2018,2014-2023,2250,action_taken,\baction\s+taken\b,16
16_subordinate_legislation_27_2018,16_Subordinate_Legislation_27_2018.txt,2018,2014-2023,2250,recruitment,\brecruitment\b,0
16_subordinate_legislation_28_2018,16_Subordinate_Legislation_28_2018.txt,2018,2014-2023,10171,delay_exact,\bdelay\b,1
16_subordinate_legislation_28_2018,16_Subordinate_Legislation_28_2018.txt,2018,2014-2023,10171,delay_family,\b(delays?|delayed|delaying)\b,3
16_subordinate_legislation_28_2018,16_Subordinate_Legislation_28_2018.txt,2018,2014-2023,10171,action_taken,\baction\s+taken\b,3
16_subordinate_legislation_28_2018,16_Subordinate_Legislation_28_2018.txt,2018,2014-2023,10171,recruitment,\brecruitment\b,34
16_subordinate_legislation_29_2018,16_Subordinate_Legislation_29_2018.txt,2018,2014-2023,13728,delay_exact,\bdelay\b,11
16_subordinate_legislation_29_2018,16_Subordinate_Legislation_29_2018.txt,2018,2014-2023,13728,delay_family,\b(delays?|delayed|delaying)\b,15
16_subordinate_legislation_29_2018,16_Subordinate_Legislation_29_2018.txt,2018,2014-2023,13728,action_taken,\baction\s+taken\b,14
16_subordinate_legislation_29_2018,16_Subordinate_Legislation_29_2018.txt,2018,2014-2023,13728,recruitment,\brecruitment\b,1
16_subordinate_legislation_2_2014,16_Subordinate_Legislation_2_2014.txt,2014,2014-2023,4264,delay_exact,\bdelay\b,27
16_subordinate_legislation_2_2014,16_Subordinate_Legislation_2_2014.txt,2014,2014-2023,4264,delay_family,\b(delays?|delayed|delaying)\b,29
16_subordinate_legislation_2_2014,16_Subordinate_Legislation_2_2014.txt,2014,2014-2023,4264,action_taken,\baction\s+taken\b,3
16_subordinate_legislation_2_2014,16_Subordinate_Legislation_2_2014.txt,2014,2014-2023,4264,recruitment,\brecruitment\b,11
16_subordinate_legislation_30_2018,16_Subordinate_Legislation_30_2018.txt,2018,2014-2023,6742,delay_exact,\bdelay\b,0
16_subordinate_legislation_30_2018,16_Subordinate_Legislation_30_2018.txt,2018,2014-2023,6742,delay_family,\b(delays?|delayed|delaying)\b,0
16_subordinate_legislation_30_2018,16_Subordinate_Legislation_30_2018.txt,2018,2014-2023,6742,action_taken,\baction\s+taken\b,20
16_subordinate_legislation_30_2018,16_Subordinate_Legislation_30_2018.txt,2018,2014-2023,6742,recruitment,\brecruitment\b,12
16_subordinate_legislation_31_2018,16_Subordinate_Legislation_31_2018.txt,2018,2014-2023,11790,delay_exact,\bdelay\b,3
16_subordinate_legislation_31_2018,16_Subordinate_Legislation_31_2018.txt,2018,2014-2023,11790,delay_family,\b(delays?|delayed|delaying)\b,3
16_subordinate_legislation_31_2018,16_Subordinate_Legislation_31_2018.txt,2018,2014-2023,11790,action_taken,\baction\s+taken\b,5
16_subordinate_legislation_31_2018,16_Subordinate_Legislation_31_2018.txt,2018,2014-2023,11790,recruitment,\brecruitment\b,15
16_subordinate_legislation_32_2018,16_Subordinate_Legislation_32_2018.txt,2018,2014-2023,5107,delay_exact,\bdelay\b,7
16_subordinate_legislation_32_2018,16_Subordinate_Legislation_32_2018.txt,2018,2014-2023,5107,delay_family,\b(delays?|delayed|delaying)\b,8
16_subordinate_legislation_32_2018,16_Subordinate_Legislation_32_2018.txt,2018,2014-2023,5107,action_taken,\baction\s+taken\b,17
16_subordinate_legislation_32_2018,16_Subordinate_Legislation_32_2018.txt,2018,2014-2023,5107,recruitment,\brecruitment\b,8
16_subordinate_legislation_33_2018,16_Subordinate_Legislation_33_2018.txt,2018,2014-2023,8459,delay_exact,\bdelay\b,0
16_subordinate_legislation_33_2018,16_Subordinate_Legislation_33_2018.txt,2018,2014-2023,8459,delay_family,\b(delays?|delayed|delaying)\b,1
16_subordinate_legislation_33_2018,16_Subordinate_Legislation_33_2018.txt,2018,2014-2023,8459,action_taken,\baction\s+taken\b,14
16_subordinate_legislation_33_2018,16_Subordinate_Legislation_33_2018.txt,2018,2014-2023,8459,recruitment,\brecruitment\b,0
16_subordinate_legislation_34_2018,16_Subordinate_Legislation_34_2018.txt,2018,2014-2023,14497,delay_exact,\bdelay\b,0
16_subordinate_legislation_34_2018,16_Subordinate_Legislation_34_2018.txt,2018,2014-2023,14497,delay_family,\b(delays?|delayed|delaying)\b,0
16_subordinate_legislation_34_2018,16_Subordinate_Legislation_34_2018.txt,2018,2014-2023,14497,action_taken,\baction\s+taken\b,18
16_subordinate_legislation_34_2018,16_Subordinate_Legislation_34_2018.txt,2018,2014-2023,14497,recruitment,\brecruitment\b,0
16_subordinate_legislation_35_2018,16_Subordinate_Legislation_35_2018.txt,2018,2014-2023,5658,delay_exact,\bdelay\b,8
16_subordinate_legislation_35_2018,16_Subordinate_Legislation_35_2018.txt,2018,2014-2023,5658,delay_family,\b(delays?|delayed|delaying)\b,8
16_subordinate_legislation_35_2018,16_Subordinate_Legislation_35_2018.txt,2018,2014-2023,5658,action_taken,\baction\s+taken\b,20
16_subordinate_legislation_35_2018,16_Subordinate_Legislation_35_2018.txt,2018,2014-2023,5658,recruitment,\brecruitment\b,0
16_subordinate_legislation_36_2018,16_Subordinate_Legislation_36_2018.txt,2018,2014-2023,2993,delay_exact,\bdelay\b,0
16_subordinate_legislation_36_2018,16_Subordinate_Legislation_36_2018.txt,2018,2014-2023,2993,delay_family,\b(delays?|delayed|delaying)\b,0
16_subordinate_legislation_36_2018,16_Subordinate_Legislation_36_2018.txt,2018,2014-2023,2993,action_taken,\baction\s+taken\b,19
16_subordinate_legislation_36_2018,16_Subordinate_Legislation_36_2018.txt,2018,2014-2023,2993,recruitment,\brecruitment\b,23
16_subordinate_legislation_37_2018,16_Subordinate_Legislation_37_2018.txt,2018,2014-2023,7077,delay_exact,\bdelay\b,0
16_subordinate_legislation_37_2018,16_Subordinate_Legislation_37_2018.txt,2018,2014-2023,7077,delay_family,\b(delays?|delayed|delaying)\b,0
16_subordinate_legislation_37_2018,16_Subordinate_Legislation_37_2018.txt,2018,2014-2023,7077,action_taken,\baction\s+taken\b,6
16_subordinate_legislation_37_2018,16_Subordinate_Legislation_37_2018.txt,2018,2014-2023,7077,recruitment,\brecruitment\b,1
16_subordinate_legislation_38_2019,16_Subordinate_Legislation_38_2019.txt,2019,2014-2023,11007,delay_exact,\bdelay\b,2
16_subordinate_legislation_38_2019,16_Subordinate_Legislation_38_2019.txt,2019,2014-2023,11007,delay_family,\b(delays?|delayed|delaying)\b,6
16_subordinate_legislation_38_2019,16_Subordinate_Legislation_38_2019.txt,2019,2014-2023,11007,action_taken,\baction\s+taken\b,5
16_subordinate_legislation_38_2019,16_Subordinate_Legislation_38_2019.txt,2019,2014-2023,11007,recruitment,\brecruitment\b,26
16_subordinate_legislation_39_2019,16_Subordinate_Legislation_39_2019.txt,2019,2014-2023,4974,delay_exact,\bdelay\b,0
16_subordinate_legislation_39_2019,16_Subordinate_Legislation_39_2019.txt,2019,2014-2023,4974,delay_family,\b(delays?|delayed|delaying)\b,0
16_subordinate_legislation_39_2019,16_Subordinate_Legislation_39_2019.txt,2019,2014-2023,4974,action_taken,\baction\s+taken\b,29
16_subordinate_legislation_39_2019,16_Subordinate_Legislation_39_2019.txt,2019,2014-2023,4974,recruitment,\brecruitment\b,30
16_subordinate_legislation_3_2015,16_Subordinate_Legislation_3_2015.txt,2015,2014-2023,2087,delay_exact,\bdelay\b,11
16_subordinate_legislation_3_2015,16_Subordinate_Legislation_3_2015.txt,2015,2014-2023,2087,delay_family,\b(delays?|delayed|delaying)\b,13
16_subordinate_legislation_3_2015,16_Subordinate_Legislation_3_2015.txt,2015,2014-2023,2087,action_taken,\baction\s+taken\b,12
16_subordinate_legislation_3_2015,16_Subordinate_Legislation_3_2015.txt,2015,2014-2023,2087,recruitment,\brecruitment\b,7
16_subordinate_legislation_40_2019,16_Subordinate_Legislation_40_2019.txt,2019,2014-2023,9515,delay_exact,\bdelay\b,0
16_subordinate_legislation_40_2019,16_Subordinate_Legislation_40_2019.txt,2019,2014-2023,9515,delay_family,\b(delays?|delayed|delaying)\b,0
16_subordinate_legislation_40_2019,16_Subordinate_Legislation_40_2019.txt,2019,2014-2023,9515,action_taken,\baction\s+taken\b,18
16_subordinate_legislation_40_2019,16_Subordinate_Legislation_40_2019.txt,2019,2014-2023,9515,recruitment,\brecruitment\b,0
16_subordinate_legislation_41_2019,16_Subordinate_Legislation_41_2019.txt,2019,2014-2023,6358,delay_exact,\bdelay\b,2
16_subordinate_legislation_41_2019,16_Subordinate_Legislation_41_2019.txt,2019,2014-2023,6358,delay_family,\b(delays?|delayed|delaying)\b,2
16_subordinate_legislation_41_2019,16_Subordinate_Legislation_41_2019.txt,2019,2014-2023,6358,action_taken,\baction\s+taken\b,16
16_subordinate_legislation_41_2019,16_Subordinate_Legislation_41_2019.txt,2019,2014-2023,6358,recruitment,\brecruitment\b,28
16_subordinate_legislation_42_2019,16_Subordinate_Legislation_42_2019.txt,2019,2014-2023,8833,delay_exact,\bdelay\b,0
16_subordinate_legislation_42_2019,16_Subordinate_Legislation_42_2019.txt,2019,2014-2023,8833,delay_family,\b(delays?|delayed|delaying)\b,1
16_subordinate_legislation_42_2019,16_Subordinate_Legislation_42_2019.txt,2019,2014-2023,8833,action_taken,\baction\s+taken\b,20
16_subordinate_legislation_42_2019,16_Subordinate_Legislation_42_2019.txt,2019,2014-2023,8833,recruitment,\brecruitment\b,4
16_subordinate_legislation_43_2019,16_Subordinate_Legislation_43_2019.txt,2019,2014-2023,8583,delay_exact,\bdelay\b,0
16_subordinate_legislation_43_2019,16_Subordinate_Legislation_43_2019.txt,2019,2014-2023,8583,delay_family,\b(delays?|delayed|delaying)\b,0
16_subordinate_legislation_43_2019,16_Subordinate_Legislation_43_2019.txt,2019,2014-2023,8583,action_taken,\baction\s+taken\b,2
16_subordinate_legislation_43_2019,16_Subordinate_Legislation_43_2019.txt,2019,2014-2023,8583,recruitment,\brecruitment\b,0
16_subordinate_legislation_44_2019,16_Subordinate_Legislation_44_2019.txt,2019,2014-2023,4362,delay_exact,\bdelay\b,0
16_subordinate_legislation_44_2019,16_Subordinate_Legislation_44_2019.txt,2019,2014-2023,4362,delay_family,\b(delays?|delayed|delaying)\b,0
16_subordinate_legislation_44_2019,16_Subordinate_Legislation_44_2019.txt,2019,2014-2023,4362,action_taken,\baction\s+taken\b,13
16_subordinate_legislation_44_2019,16_Subordinate_Legislation_44_2019.txt,2019,2014-2023,4362,recruitment,\brecruitment\b,25
16_subordinate_legislation_4_2015,16_Subordinate_Legislation_4_2015.txt,2015,2014-2023,5694,delay_exact,\bdelay\b,0
16_subordinate_legislation_4_2015,16_Subordinate_Legislation_4_2015.txt,2015,2014-2023,5694,delay_family,\b(delays?|delayed|delaying)\b,0
16_subordinate_legislation_4_2015,16_Subordinate_Legislation_4_2015.txt,2015,2014-2023,5694,action_taken,\baction\s+taken\b,0
16_subordinate_legislation_4_2015,16_Subordinate_Legislation_4_2015.txt,2015,2014-2023,5694,recruitment,\brecruitment\b,0
16_subordinate_legislation_5_2015,16_Subordinate_Legislation_5_2015.txt,2015,2014-2023,4571,delay_exact,\bdelay\b,11
16_subordinate_legislation_5_2015,16_Subordinate_Legislation_5_2015.txt,2015,2014-2023,4571,delay_family,\b(delays?|delayed|delaying)\b,12
16_subordinate_legislation_5_2015,16_Subordinate_Legislation_5_2015.txt,2015,2014-2023,4571,action_taken,\baction\s+taken\b,0
16_subordinate_legislation_5_2015,16_Subordinate_Legislation_5_2015.txt,2015,2014-2023,4571,recruitment,\brecruitment\b,0
16_subordinate_legislation_6_2015,16_Subordinate_Legislation_6_2015.txt,2015,2014-2023,4602,delay_exact,\bdelay\b,8
16_subordinate_legislation_6_2015,16_Subordinate_Legislation_6_2015.txt,2015,2014-2023,4602,delay_family,\b(delays?|delayed|delaying)\b,10
16_subordinate_legislation_6_2015,16_Subordinate_Legislation_6_2015.txt,2015,2014-2023,4602,action_taken,\baction\s+taken\b,0
16_subordinate_legislation_6_2015,16_Subordinate_Legislation_6_2015.txt,2015,2014-2023,4602,recruitment,\brecruitment\b,11
16_subordinate_legislation_7_2015,16_Subordinate_Legislation_7_2015.txt,2015,2014-2023,5436,delay_exact,\bdelay\b,0
16_subordinate_legislation_7_2015,16_Subordinate_Legislation_7_2015.txt,2015,2014-2023,5436,delay_family,\b(delays?|delayed|delaying)\b,0
16_subordinate_legislation_7_2015,16_Subordinate_Legislation_7_2015.txt,2015,2014-2023,5436,action_taken,\baction\s+taken\b,2
16_subordinate_legislation_7_2015,16_Subordinate_Legislation_7_2015.txt,2015,2014-2023,5436,recruitment,\brecruitment\b,23
16_subordinate_legislation_8_2015,16_Subordinate_Legislation_8_2015.txt,2015,2014-2023,8111,delay_exact,\bdelay\b,0
16_subordinate_legislation_8_2015,16_Subordinate_Legislation_8_2015.txt,2015,2014-2023,8111,delay_family,\b(delays?|delayed|delaying)\b,0
16_subordinate_legislation_8_2015,16_Subordinate_Legislation_8_2015.txt,2015,2014-2023,8111,action_taken,\baction\s+taken\b,0
16_subordinate_legislation_8_2015,16_Subordinate_Legislation_8_2015.txt,2015,2014-2023,8111,recruitment,\brecruitment\b,57
16_subordinate_legislation_9_2015,16_Subordinate_Legislation_9_2015.txt,2015,2014-2023,4342,delay_exact,\bdelay\b,0
16_subordinate_legislation_9_2015,16_Subordinate_Legislation_9_2015.txt,2015,2014-2023,4342,delay_family,\b(delays?|delayed|delaying)\b,0
16_subordinate_legislation_9_2015,16_Subordinate_Legislation_9_2015.txt,2015,2014-2023,4342,action_taken,\baction\s+taken\b,0
16_subordinate_legislation_9_2015,16_Subordinate_Legislation_9_2015.txt,2015,2014-2023,4342,recruitment,\brecruitment\b,39
17_subordinate_legislation_10_2021,17_Subordinate_Legislation_10_2021.txt,2021,2014-2023,0,delay_exact,\bdelay\b,0
17_subordinate_legislation_10_2021,17_Subordinate_Legislation_10_2021.txt,2021,2014-2023,0,delay_family,\b(delays?|delayed|delaying)\b,0
17_subordinate_legislation_10_2021,17_Subordinate_Legislation_10_2021.txt,2021,2014-2023,0,action_taken,\baction\s+taken\b,0
17_subordinate_legislation_10_2021,17_Subordinate_Legislation_10_2021.txt,2021,2014-2023,0,recruitment,\brecruitment\b,0
17_subordinate_legislation_11_2021,17_Subordinate_Legislation_11_2021.txt,2021,2014-2023,0,delay_exact,\bdelay\b,0
17_subordinate_legislation_11_2021,17_Subordinate_Legislation_11_2021.txt,2021,2014-2023,0,delay_family,\b(delays?|delayed|delaying)\b,0
17_subordinate_legislation_11_2021,17_Subordinate_Legislation_11_2021.txt,2021,2014-2023,0,action_taken,\baction\s+taken\b,0
17_subordinate_legislation_11_2021,17_Subordinate_Legislation_11_2021.txt,2021,2014-2023,0,recruitment,\brecruitment\b,0
17_subordinate_legislation_12_2021,17_Subordinate_Legislation_12_2021.txt,2021,2014-2023,3106,delay_exact,\bdelay\b,0
17_subordinate_legislation_12_2021,17_Subordinate_Legislation_12_2021.txt,2021,2014-2023,3106,delay_family,\b(delays?|delayed|delaying)\b,0
17_subordinate_legislation_12_2021,17_Subordinate_Legislation_12_2021.txt,2021,2014-2023,3106,action_taken,\baction\s+taken\b,2
17_subordinate_legislation_12_2021,17_Subordinate_Legislation_12_2021.txt,2021,2014-2023,3106,recruitment,\brecruitment\b,0
17_subordinate_legislation_13_2021,17_Subordinate_Legislation_13_2021.txt,2021,2014-2023,9200,delay_exact,\bdelay\b,12
17_subordinate_legislation_13_2021,17_Subordinate_Legislation_13_2021.txt,2021,2014-2023,9200,delay_family,\b(delays?|delayed|delaying)\b,14
17_subordinate_legislation_13_2021,17_Subordinate_Legislation_13_2021.txt,2021,2014-2023,9200,action_taken,\baction\s+taken\b,4
17_subordinate_legislation_13_2021,17_Subordinate_Legislation_13_2021.txt,2021,2014-2023,9200,recruitment,\brecruitment\b,41
17_subordinate_legislation_14_2021,17_Subordinate_Legislation_14_2021.txt,2021,2014-2023,5416,delay_exact,\bdelay\b,10
17_subordinate_legislation_14_2021,17_Subordinate_Legislation_14_2021.txt,2021,2014-2023,5416,delay_family,\b(delays?|delayed|delaying)\b,10
17_subordinate_legislation_14_2021,17_Subordinate_Legislation_14_2021.txt,2021,2014-2023,5416,action_taken,\baction\s+taken\b,19
17_subordinate_legislation_14_2021,17_Subordinate_Legislation_14_2021.txt,2021,2014-2023,5416,recruitment,\brecruitment\b,0
17_subordinate_legislation_15_2022,17_Subordinate_Legislation_15_2022.txt,2022,2014-2023,6253,delay_exact,\bdelay\b,0
17_subordinate_legislation_15_2022,17_Subordinate_Legislation_15_2022.txt,2022,2014-2023,6253,delay_family,\b(delays?|delayed|delaying)\b,0
17_subordinate_legislation_15_2022,17_Subordinate_Legislation_15_2022.txt,2022,2014-2023,6253,action_taken,\baction\s+taken\b,6
17_subordinate_legislation_15_2022,17_Subordinate_Legislation_15_2022.txt,2022,2014-2023,6253,recruitment,\brecruitment\b,0
17_subordinate_legislation_16_2022,17_Subordinate_Legislation_16_2022.txt,2022,2014-2023,3096,delay_exact,\bdelay\b,5
17_subordinate_legislation_16_2022,17_Subordinate_Legislation_16_2022.txt,2022,2014-2023,3096,delay_family,\b(delays?|delayed|delaying)\b,10
17_subordinate_legislation_16_2022,17_Subordinate_Legislation_16_2022.txt,2022,2014-2023,3096,action_taken,\baction\s+taken\b,17
17_subordinate_legislation_16_2022,17_Subordinate_Legislation_16_2022.txt,2022,2014-2023,3096,recruitment,\brecruitment\b,0
17_subordinate_legislation_17_2022,17_Subordinate_Legislation_17_2022.txt,2022,2014-2023,3222,delay_exact,\bdelay\b,0
17_subordinate_legislation_17_2022,17_Subordinate_Legislation_17_2022.txt,2022,2014-2023,3222,delay_family,\b(delays?|delayed|delaying)\b,0
17_subordinate_legislation_17_2022,17_Subordinate_Legislation_17_2022.txt,2022,2014-2023,3222,action_taken,\baction\s+taken\b,17
17_subordinate_legislation_17_2022,17_Subordinate_Legislation_17_2022.txt,2022,2014-2023,3222,recruitment,\brecruitment\b,0
17_subordinate_legislation_18_2022,17_Subordinate_Legislation_18_2022.txt,2022,2014-2023,3743,delay_exact,\bdelay\b,1
17_subordinate_legislation_18_2022,17_Subordinate_Legislation_18_2022.txt,2022,2014-2023,3743,delay_family,\b(delays?|delayed|delaying)\b,2
17_subordinate_legislation_18_2022,17_Subordinate_Legislation_18_2022.txt,2022,2014-2023,3743,action_taken,\baction\s+taken\b,19
17_subordinate_legislation_18_2022,17_Subordinate_Legislation_18_2022.txt,2022,2014-2023,3743,recruitment,\brecruitment\b,0
17_subordinate_legislation_19_2022,17_Subordinate_Legislation_19_2022.txt,2022,2014-2023,15053,delay_exact,\bdelay\b,20
17_subordinate_legislation_19_2022,17_Subordinate_Legislation_19_2022.txt,2022,2014-2023,15053,delay_family,\b(delays?|delayed|delaying)\b,22
17_subordinate_legislation_19_2022,17_Subordinate_Legislation_19_2022.txt,2022,2014-2023,15053,action_taken,\baction\s+taken\b,8
17_subordinate_legislation_19_2022,17_Subordinate_Legislation_19_2022.txt,2022,2014-2023,15053,recruitment,\brecruitment\b,9
17_subordinate_legislation_1_2020,17_Subordinate_Legislation_1_2020.txt,2020,2014-2023,5843,delay_exact,\bdelay\b,7
17_subordinate_legislation_1_2020,17_Subordinate_Legislation_1_2020.txt,2020,2014-2023,5843,delay_family,\b(delays?|delayed|delaying)\b,7
17_subordinate_legislation_1_2020,17_Subordinate_Legislation_1_2020.txt,2020,2014-2023,5843,action_taken,\baction\s+taken\b,21
17_subordinate_legislation_1_2020,17_Subordinate_Legislation_1_2020.txt,2020,2014-2023,5843,recruitment,\brecruitment\b,41
17_subordinate_legislation_20_2022,17_Subordinate_Legislation_20_2022.txt,2022,2014-2023,4929,delay_exact,\bdelay\b,6
17_subordinate_legislation_20_2022,17_Subordinate_Legislation_20_2022.txt,2022,2014-2023,4929,delay_family,\b(delays?|delayed|delaying)\b,9
17_subordinate_legislation_20_2022,17_Subordinate_Legislation_20_2022.txt,2022,2014-2023,4929,action_taken,\baction\s+taken\b,19
17_subordinate_legislation_20_2022,17_Subordinate_Legislation_20_2022.txt,2022,2014-2023,4929,recruitment,\brecruitment\b,0
17_subordinate_legislation_21_2022,17_Subordinate_Legislation_21_2022.txt,2022,2014-2023,5598,delay_exact,\bdelay\b,4
17_subordinate_legislation_21_2022,17_Subordinate_Legislation_21_2022.txt,2022,2014-2023,5598,delay_family,\b(delays?|delayed|delaying)\b,5
17_subordinate_legislation_21_2022,17_Subordinate_Legislation_21_2022.txt,2022,2014-2023,5598,action_taken,\baction\s+taken\b,12
17_subordinate_legislation_21_2022,17_Subordinate_Legislation_21_2022.txt,2022,2014-2023,5598,recruitment,\brecruitment\b,0
17_subordinate_legislation_22_2022,17_Subordinate_Legislation_22_2022.txt,2022,2014-2023,3150,delay_exact,\bdelay\b,1
17_subordinate_legislation_22_2022,17_Subordinate_Legislation_22_2022.txt,2022,2014-2023,3150,delay_family,\b(delays?|delayed|delaying)\b,1
17_subordinate_legislation_22_2022,17_Subordinate_Legislation_22_2022.txt,2022,2014-2023,3150,action_taken,\baction\s+taken\b,17
17_subordinate_legislation_22_2022,17_Subordinate_Legislation_22_2022.txt,2022,2014-2023,3150,recruitment,\brecruitment\b,20
17_subordinate_legislation_23_2022,17_Subordinate_Legislation_23_2022.txt,2022,2014-2023,2840,delay_exact,\bdelay\b,0
17_subordinate_legislation_23_2022,17_Subordinate_Legislation_23_2022.txt,2022,2014-2023,2840,delay_family,\b(delays?|delayed|delaying)\b,0
17_subordinate_legislation_23_2022,17_Subordinate_Legislation_23_2022.txt,2022,2014-2023,2840,action_taken,\baction\s+taken\b,19
17_subordinate_legislation_23_2022,17_Subordinate_Legislation_23_2022.txt,2022,2014-2023,2840,recruitment,\brecruitment\b,0
17_subordinate_legislation_24_2022,17_Subordinate_Legislation_24_2022.txt,2022,2014-2023,17098,delay_exact,\bdelay\b,72
17_subordinate_legislation_24_2022,17_Subordinate_Legislation_24_2022.txt,2022,2014-2023,17098,delay_family,\b(delays?|delayed|delaying)\b,78
17_subordinate_legislation_24_2022,17_Subordinate_Legislation_24_2022.txt,2022,2014-2023,17098,action_taken,\baction\s+taken\b,4
17_subordinate_legislation_24_2022,17_Subordinate_Legislation_24_2022.txt,2022,2014-2023,17098,recruitment,\brecruitment\b,9
17_subordinate_legislation_25_2022,17_Subordinate_Legislation_25_2022.txt,2022,2014-2023,3466,delay_exact,\bdelay\b,9
17_subordinate_legislation_25_2022,17_Subordinate_Legislation_25_2022.txt,2022,2014-2023,3466,delay_family,\b(delays?|delayed|delaying)\b,11
17_subordinate_legislation_25_2022,17_Subordinate_Legislation_25_2022.txt,2022,2014-2023,3466,action_taken,\baction\s+taken\b,16
17_subordinate_legislation_25_2022,17_Subordinate_Legislation_25_2022.txt,2022,2014-2023,3466,recruitment,\brecruitment\b,26
17_subordinate_legislation_26_2023,17_Subordinate_Legislation_26_2023.txt,2023,2014-2023,8625,delay_exact,\bdelay\b,15
17_subordinate_legislation_26_2023,17_Subordinate_Legislation_26_2023.txt,2023,2014-2023,8625,delay_family,\b(delays?|delayed|delaying)\b,20
17_subordinate_legislation_26_2023,17_Subordinate_Legislation_26_2023.txt,2023,2014-2023,8625,action_taken,\baction\s+taken\b,2
17_subordinate_legislation_26_2023,17_Subordinate_Legislation_26_2023.txt,2023,2014-2023,8625,recruitment,\brecruitment\b,2
17_subordinate_legislation_27_2023,17_Subordinate_Legislation_27_2023.txt,2023,2014-2023,23167,delay_exact,\bdelay\b,15
17_subordinate_legislation_27_2023,17_Subordinate_Legislation_27_2023.txt,2023,2014-2023,23167,delay_family,\b(delays?|delayed|delaying)\b,25
17_subordinate_legislation_27_2023,17_Subordinate_Legislation_27_2023.txt,2023,2014-2023,23167,action_taken,\baction\s+taken\b,4
17_subordinate_legislation_27_2023,17_Subordinate_Legislation_27_2023.txt,2023,2014-2023,23167,recruitment,\brecruitment\b,5
17_subordinate_legislation_28_2023,17_Subordinate_Legislation_28_2023.txt,2023,2014-2023,8035,delay_exact,\bdelay\b,8
17_subordinate_legislation_28_2023,17_Subordinate_Legislation_28_2023.txt,2023,2014-2023,8035,delay_family,\b(delays?|delayed|delaying)\b,9
17_subordinate_legislation_28_2023,17_Subordinate_Legislation_28_2023.txt,2023,2014-2023,8035,action_taken,\baction\s+taken\b,3
17_subordinate_legislation_28_2023,17_Subordinate_Legislation_28_2023.txt,2023,2014-2023,8035,recruitment,\brecruitment\b,25
17_subordinate_legislation_29_2023,17_Subordinate_Legislation_29_2023.txt,2023,2014-2023,3644,delay_exact,\bdelay\b,0
17_subordinate_legislation_29_2023,17_Subordinate_Legislation_29_2023.txt,2023,2014-2023,3644,delay_family,\b(delays?|delayed|delaying)\b,0
17_subordinate_legislation_29_2023,17_Subordinate_Legislation_29_2023.txt,2023,2014-2023,3644,action_taken,\baction\s+taken\b,22
17_subordinate_legislation_29_2023,17_Subordinate_Legislation_29_2023.txt,2023,2014-2023,3644,recruitment,\brecruitment\b,11
17_subordinate_legislation_2_2020,17_Subordinate_Legislation_2_2020.txt,2020,2014-2023,5818,delay_exact,\bdelay\b,3
17_subordinate_legislation_2_2020,17_Subordinate_Legislation_2_2020.txt,2020,2014-2023,5818,delay_family,\b(delays?|delayed|delaying)\b,7
17_subordinate_legislation_2_2020,17_Subordinate_Legislation_2_2020.txt,2020,2014-2023,5818,action_taken,\baction\s+taken\b,0
17_subordinate_legislation_2_2020,17_Subordinate_Legislation_2_2020.txt,2020,2014-2023,5818,recruitment,\brecruitment\b,0
17_subordinate_legislation_30_2023,17_Subordinate_Legislation_30_2023.txt,2023,2014-2023,4067,delay_exact,\bdelay\b,23
17_subordinate_legislation_30_2023,17_Subordinate_Legislation_30_2023.txt,2023,2014-2023,4067,delay_family,\b(delays?|delayed|delaying)\b,30
17_subordinate_legislation_30_2023,17_Subordinate_Legislation_30_2023.txt,2023,2014-2023,4067,action_taken,\baction\s+taken\b,15
17_subordinate_legislation_30_2023,17_Subordinate_Legislation_30_2023.txt,2023,2014-2023,4067,recruitment,\brecruitment\b,0
17_subordinate_legislation_31_2023,17_Subordinate_Legislation_31_2023.txt,2023,2014-2023,3786,delay_exact,\bdelay\b,1
17_subordinate_legislation_31_2023,17_Subordinate_Legislation_31_2023.txt,2023,2014-2023,3786,delay_family,\b(delays?|delayed|delaying)\b,1
17_subordinate_legislation_31_2023,17_Subordinate_Legislation_31_2023.txt,2023,2014-2023,3786,action_taken,\baction\s+taken\b,19
17_subordinate_legislation_31_2023,17_Subordinate_Legislation_31_2023.txt,2023,2014-2023,3786,recruitment,\brecruitment\b,1
17_subordinate_legislation_32_2023,17_Subordinate_Legislation_32_2023.txt,2023,2014-2023,2996,delay_exact,\bdelay\b,0
17_subordinate_legislation_32_2023,17_Subordinate_Legislation_32_2023.txt,2023,2014-2023,2996,delay_family,\b(delays?|delayed|delaying)\b,0
17_subordinate_legislation_32_2023,17_Subordinate_Legislation_32_2023.txt,2023,2014-2023,2996,action_taken,\baction\s+taken\b,2
17_subordinate_legislation_32_2023,17_Subordinate_Legislation_32_2023.txt,2023,2014-2023,2996,recruitment,\brecruitment\b,0
17_subordinate_legislation_33_2023,17_Subordinate_Legislation_33_2023.txt,2023,2014-2023,5752,delay_exact,\bdelay\b,0
17_subordinate_legislation_33_2023,17_Subordinate_Legislation_33_2023.txt,2023,2014-2023,5752,delay_family,\b(delays?|delayed|delaying)\b,0
17_subordinate_legislation_33_2023,17_Subordinate_Legislation_33_2023.txt,2023,2014-2023,5752,action_taken,\baction\s+taken\b,19
17_subordinate_legislation_33_2023,17_Subordinate_Legislation_33_2023.txt,2023,2014-2023,5752,recruitment,\brecruitment\b,0
17_subordinate_legislation_34_2023,17_Subordinate_Legislation_34_2023.txt,2023,2014-2023,9655,delay_exact,\bdelay\b,35
17_subordinate_legislation_34_2023,17_Subordinate_Legislation_34_2023.txt,2023,2014-2023,9655,delay_family,\b(delays?|delayed|delaying)\b,37
17_subordinate_legislation_34_2023,17_Subordinate_Legislation_34_2023.txt,2023,2014-2023,9655,action_taken,\baction\s+taken\b,22
17_subordinate_legislation_34_2023,17_Subordinate_Legislation_34_2023.txt,2023,2014-2023,9655,recruitment,\brecruitment\b,3
17_subordinate_legislation_35_2023,17_Subordinate_Legislation_35_2023.txt,2023,2014-2023,2874,delay_exact,\bdelay\b,0
17_subordinate_legislation_35_2023,17_Subordinate_Legislation_35_2023.txt,2023,2014-2023,2874,delay_family,\b(delays?|delayed|delaying)\b,0
17_subordinate_legislation_35_2023,17_Subordinate_Legislation_35_2023.txt,2023,2014-2023,2874,action_taken,\baction\s+taken\b,2
17_subordinate_legislation_35_2023,17_Subordinate_Legislation_35_2023.txt,2023,2014-2023,2874,recruitment,\brecruitment\b,0
17_subordinate_legislation_36_2023,17_Subordinate_Legislation_36_2023.txt,2023,2014-2023,2833,delay_exact,\bdelay\b,0
17_subordinate_legislation_36_2023,17_Subordinate_Legislation_36_2023.txt,2023,2014-2023,2833,delay_family,\b(delays?|delayed|delaying)\b,0
17_subordinate_legislation_36_2023,17_Subordinate_Legislation_36_2023.txt,2023,2014-2023,2833,action_taken,\baction\s+taken\b,0
17_subordinate_legislation_36_2023,17_Subordinate_Legislation_36_2023.txt,2023,2014-2023,2833,recruitment,\brecruitment\b,32
17_subordinate_legislation_37_2023,17_Subordinate_Legislation_37_2023.txt,2023,2014-2023,2310,delay_exact,\bdelay\b,0
17_subordinate_legislation_37_2023,17_Subordinate_Legislation_37_2023.txt,2023,2014-2023,2310,delay_family,\b(delays?|delayed|delaying)\b,0
17_subordinate_legislation_37_2023,17_Subordinate_Legislation_37_2023.txt,2023,2014-2023,2310,action_taken,\baction\s+taken\b,12
17_subordinate_legislation_37_2023,17_Subordinate_Legislation_37_2023.txt,2023,2014-2023,2310,recruitment,\brecruitment\b,0
17_subordinate_legislation_3_2020,17_Subordinate_Legislation_3_2020.txt,2020,2014-2023,3985,delay_exact,\bdelay\b,1
17_subordinate_legislation_3_2020,17_Subordinate_Legislation_3_2020.txt,2020,2014-2023,3985,delay_family,\b(delays?|delayed|delaying)\b,1
17_subordinate_legislation_3_2020,17_Subordinate_Legislation_3_2020.txt,2020,2014-2023,3985,action_taken,\baction\s+taken\b,2
17_subordinate_legislation_3_2020,17_Subordinate_Legislation_3_2020.txt,2020,2014-2023,3985,recruitment,\brecruitment\b,13
17_subordinate_legislation_4_2020,17_Subordinate_Legislation_4_2020.txt,2020,2014-2023,7739,delay_exact,\bdelay\b,5
17_subordinate_legislation_4_2020,17_Subordinate_Legislation_4_2020.txt,2020,2014-2023,7739,delay_family,\b(delays?|delayed|delaying)\b,7
17_subordinate_legislation_4_2020,17_Subordinate_Legislation_4_2020.txt,2020,2014-2023,7739,action_taken,\baction\s+taken\b,1
17_subordinate_legislation_4_2020,17_Subordinate_Legislation_4_2020.txt,2020,2014-2023,7739,recruitment,\brecruitment\b,0
17_subordinate_legislation_5_2020,17_Subordinate_Legislation_5_2020.txt,2020,2014-2023,7647,delay_exact,\bdelay\b,0
17_subordinate_legislation_5_2020,17_Subordinate_Legislation_5_2020.txt,2020,2014-2023,7647,delay_family,\b(delays?|delayed|delaying)\b,0
17_subordinate_legislation_5_2020,17_Subordinate_Legislation_5_2020.txt,2020,2014-2023,7647,action_taken,\baction\s+taken\b,4
17_subordinate_legislation_5_2020,17_Subordinate_Legislation_5_2020.txt,2020,2014-2023,7647,recruitment,\brecruitment\b,32
17_subordinate_legislation_6_2020,17_Subordinate_Legislation_6_2020.txt,2020,2014-2023,9753,delay_exact,\bdelay\b,7
17_subordinate_legislation_6_2020,17_Subordinate_Legislation_6_2020.txt,2020,2014-2023,9753,delay_family,\b(delays?|delayed|delaying)\b,7
17_subordinate_legislation_6_2020,17_Subordinate_Legislation_6_2020.txt,2020,2014-2023,9753,action_taken,\baction\s+taken\b,2
17_subordinate_legislation_6_2020,17_Subordinate_Legislation_6_2020.txt,2020,2014-2023,9753,recruitment,\brecruitment\b,0
17_subordinate_legislation_7_2020,17_Subordinate_Legislation_7_2020.txt,2020,2014-2023,2615,delay_exact,\bdelay\b,1
17_subordinate_legislation_7_2020,17_Subordinate_Legislation_7_2020.txt,2020,2014-2023,2615,delay_family,\b(delays?|delayed|delaying)\b,3
17_subordinate_legislation_7_2020,17_Subordinate_Legislation_7_2020.txt,2020,2014-2023,2615,action_taken,\baction\s+taken\b,0
17_subordinate_legislation_7_2020,17_Subordinate_Legislation_7_2020.txt,2020,2014-2023,2615,recruitment,\brecruitment\b,0
17_subordinate_legislation_8_2021,17_Subordinate_Legislation_8_2021.txt,2021,2014-2023,11446,delay_exact,\bdelay\b,4
17_subordinate_legislation_8_2021,17_Subordinate_Legislation_8_2021.txt,2021,2014-2023,11446,delay_family,\b(delays?|delayed|delaying)\b,4
17_subordinate_legislation_8_2021,17_Subordinate_Legislation_8_2021.txt,2021,2014-2023,11446,action_taken,\baction\s+taken\b,1
17_subordinate_legislation_8_2021,17_Subordinate_Legislation_8_2021.txt,2021,2014-2023,11446,recruitment,\brecruitment\b,0
17_subordinate_legislation_9_2021,17_Subordinate_Legislation_9_2021.txt,2021,2014-2023,5491,delay_exact,\bdelay\b,2
17_subordinate_legislation_9_2021,17_Subordinate_Legislation_9_2021.txt,2021,2014-2023,5491,delay_family,\b(delays?|delayed|delaying)\b,4
17_subordinate_legislation_9_2021,17_Subordinate_Legislation_9_2021.txt,2021,2014-2023,5491,action_taken,\baction\s+taken\b,4
17_subordinate_legislation_9_2021,17_Subordinate_Legislation_9_2021.txt,2021,2014-2023,5491,recruitment,\brecruitment\b,0
cosl_15_01_2008,Cosl_15_01_2008.txt,2008,2004-2013,8276,delay_exact,\bdelay\b,22
cosl_15_01_2008,Cosl_15_01_2008.txt,2008,2004-2013,8276,delay_family,\b(delays?|delayed|delaying)\b,34
cosl_15_01_2008,Cosl_15_01_2008.txt,2008,2004-2013,8276,action_taken,\baction\s+taken\b,18
cosl_15_01_2008,Cosl_15_01_2008.txt,2008,2004-2013,8276,recruitment,\brecruitment\b,6
cosl_15_11_2008,Cosl_15_11_2008.txt,2008,2004-2013,3431,delay_exact,\bdelay\b,5
cosl_15_11_2008,Cosl_15_11_2008.txt,2008,2004-2013,3431,delay_family,\b(delays?|delayed|delaying)\b,6
cosl_15_11_2008,Cosl_15_11_2008.txt,2008,2004-2013,3431,action_taken,\baction\s+taken\b,8
cosl_15_11_2008,Cosl_15_11_2008.txt,2008,2004-2013,3431,recruitment,\brecruitment\b,2
cosl_15_12_2008,Cosl_15_12_2008.txt,2008,2004-2013,1250,delay_exact,\bdelay\b,4
cosl_15_12_2008,Cosl_15_12_2008.txt,2008,2004-2013,1250,delay_family,\b(delays?|delayed|delaying)\b,5
cosl_15_12_2008,Cosl_15_12_2008.txt,2008,2004-2013,1250,action_taken,\baction\s+taken\b,0
cosl_15_12_2008,Cosl_15_12_2008.txt,2008,2004-2013,1250,recruitment,\brecruitment\b,0
cosl_01_01_1954,cosl_01_01_1954.txt,1954,1954-1963,7709,delay_exact,\bdelay\b,5
cosl_01_01_1954,cosl_01_01_1954.txt,1954,1954-1963,7709,delay_family,\b(delays?|delayed|delaying)\b,5
cosl_01_01_1954,cosl_01_01_1954.txt,1954,1954-1963,7709,action_taken,\baction\s+taken\b,1
cosl_01_01_1954,cosl_01_01_1954.txt,1954,1954-1963,7709,recruitment,\brecruitment\b,0
cosl_01_02_1954,cosl_01_02_1954.txt,1954,1954-1963,13859,delay_exact,\bdelay\b,9
cosl_01_02_1954,cosl_01_02_1954.txt,1954,1954-1963,13859,delay_family,\b(delays?|delayed|delaying)\b,12
cosl_01_02_1954,cosl_01_02_1954.txt,1954,1954-1963,13859,action_taken,\baction\s+taken\b,0
cosl_01_02_1954,cosl_01_02_1954.txt,1954,1954-1963,13859,recruitment,\brecruitment\b,0
cosl_01_03_1955,cosl_01_03_1955.txt,1955,1954-1963,15784,delay_exact,\bdelay\b,13
cosl_01_03_1955,cosl_01_03_1955.txt,1955,1954-1963,15784,delay_family,\b(delays?|delayed|delaying)\b,14
cosl_01_03_1955,cosl_01_03_1955.txt,1955,1954-1963,15784,action_taken,\baction\s+taken\b,0
cosl_01_03_1955,cosl_01_03_1955.txt,1955,1954-1963,15784,recruitment,\brecruitment\b,0
cosl_01_04_1956,cosl_01_04_1956.txt,1956,1954-1963,8216,delay_exact,\bdelay\b,9
cosl_01_04_1956,cosl_01_04_1956.txt,1956,1954-1963,8216,delay_family,\b(delays?|delayed|delaying)\b,9
cosl_01_04_1956,cosl_01_04_1956.txt,1956,1954-1963,8216,action_taken,\baction\s+taken\b,0
cosl_01_04_1956,cosl_01_04_1956.txt,1956,1954-1963,8216,recruitment,\brecruitment\b,0
cosl_01_05_1956,cosl_01_05_1956.txt,1956,1954-1963,1848,delay_exact,\bdelay\b,0
cosl_01_05_1956,cosl_01_05_1956.txt,1956,1954-1963,1848,delay_family,\b(delays?|delayed|delaying)\b,0
cosl_01_05_1956,cosl_01_05_1956.txt,1956,1954-1963,1848,action_taken,\baction\s+taken\b,0
cosl_01_05_1956,cosl_01_05_1956.txt,1956,1954-1963,1848,recruitment,\brecruitment\b,0
cosl_01_06_1956,cosl_01_06_1956.txt,1956,1954-1963,15350,delay_exact,\bdelay\b,19
cosl_01_06_1956,cosl_01_06_1956.txt,1956,1954-1963,15350,delay_family,\b(delays?|delayed|delaying)\b,21
cosl_01_06_1956,cosl_01_06_1956.txt,1956,1954-1963,15350,action_taken,\baction\s+taken\b,0
cosl_01_06_1956,cosl_01_06_1956.txt,1956,1954-1963,15350,recruitment,\brecruitment\b,0
cosl_02_01_1957,cosl_02_01_1957.txt,1957,1954-1963,31706,delay_exact,\bdelay\b,17
cosl_02_01_1957,cosl_02_01_1957.txt,1957,1954-1963,31706,delay_family,\b(delays?|delayed|delaying)\b,17
cosl_02_01_1957,cosl_02_01_1957.txt,1957,1954-1963,31706,action_taken,\baction\s+taken\b,0
cosl_02_01_1957,cosl_02_01_1957.txt,1957,1954-1963,31706,recruitment,\brecruitment\b,0
cosl_02_02_1957,cosl_02_02_1957.txt,1957,1954-1963,13988,delay_exact,\bdelay\b,8
cosl_02_02_1957,cosl_02_02_1957.txt,1957,1954-1963,13988,delay_family,\b(delays?|delayed|delaying)\b,8
cosl_02_02_1957,cosl_02_02_1957.txt,1957,1954-1963,13988,action_taken,\baction\s+taken\b,4
cosl_02_02_1957,cosl_02_02_1957.txt,1957,1954-1963,13988,recruitment,\brecruitment\b,0
cosl_02_03_1958,cosl_02_03_1958.txt,1958,1954-1963,13819,delay_exact,\bdelay\b,10
cosl_02_03_1958,cosl_02_03_1958.txt,1958,1954-1963,13819,delay_family,\b(delays?|delayed|delaying)\b,10
cosl_02_03_1958,cosl_02_03_1958.txt,1958,1954-1963,13819,action_taken,\baction\s+taken\b,5
cosl_02_03_1958,cosl_02_03_1958.txt,1958,1954-1963,13819,recruitment,\brecruitment\b,0
cosl_02_04_1958,cosl_02_04_1958.txt,1958,1954-1963,11702,delay_exact,\bdelay\b,9
cosl_02_04_1958,cosl_02_04_1958.txt,1958,1954-1963,11702,delay_family,\b(delays?|delayed|delaying)\b,9
cosl_02_04_1958,cosl_02_04_1958.txt,1958,1954-1963,11702,action_taken,\baction\s+taken\b,6
cosl_02_04_1958,cosl_02_04_1958.txt,1958,1954-1963,11702,recruitment,\brecruitment\b,4
cosl_02_05_1959,cosl_02_05_1959.txt,1959,1954-1963,9743,delay_exact,\bdelay\b,12
cosl_02_05_1959,cosl_02_05_1959.txt,1959,1954-1963,9743,delay_family,\b(delays?|delayed|delaying)\b,12
cosl_02_05_1959,cosl_02_05_1959.txt,1959,1954-1963,9743,action_taken,\baction\s+taken\b,6
cosl_02_05_1959,cosl_02_05_1959.txt,1959,1954-1963,9743,recruitment,\brecruitment\b,3
cosl_02_06_1959,cosl_02_06_1959.txt,1959,1954-1963,8365,delay_exact,\bdelay\b,23
cosl_02_06_1959,cosl_02_06_1959.txt,1959,1954-1963,8365,delay_family,\b(delays?|delayed|delaying)\b,23
cosl_02_06_1959,cosl_02_06_1959.txt,1959,1954-1963,8365,action_taken,\baction\s+taken\b,7
cosl_02_06_1959,cosl_02_06_1959.txt,1959,1954-1963,8365,recruitment,\brecruitment\b,5
cosl_02_07_1959,cosl_02_07_1959.txt,1959,1954-1963,12199,delay_exact,\bdelay\b,14
cosl_02_07_1959,cosl_02_07_1959.txt,1959,1954-1963,12199,delay_family,\b(delays?|delayed|delaying)\b,14
cosl_02_07_1959,cosl_02_07_1959.txt,1959,1954-1963,12199,action_taken,\baction\s+taken\b,5
cosl_02_07_1959,cosl_02_07_1959.txt,1959,1954-1963,12199,recruitment,\brecruitment\b,17
cosl_02_08_1960,cosl_02_08_1960.txt,1960,1954-1963,7811,delay_exact,\bdelay\b,6
cosl_02_08_1960,cosl_02_08_1960.txt,1960,1954-1963,7811,delay_family,\b(delays?|delayed|delaying)\b,6
cosl_02_08_1960,cosl_02_08_1960.txt,1960,1954-1963,7811,action_taken,\baction\s+taken\b,4
cosl_02_08_1960,cosl_02_08_1960.txt,1960,1954-1963,7811,recruitment,\brecruitment\b,3
cosl_02_09_1960,cosl_02_09_1960.txt,1960,1954-1963,1894,delay_exact,\bdelay\b,3
cosl_02_09_1960,cosl_02_09_1960.txt,1960,1954-1963,1894,delay_family,\b(delays?|delayed|delaying)\b,3
cosl_02_09_1960,cosl_02_09_1960.txt,1960,1954-1963,1894,action_taken,\baction\s+taken\b,0
cosl_02_09_1960,cosl_02_09_1960.txt,1960,1954-1963,1894,recruitment,\brecruitment\b,0
cosl_02_10_1960,cosl_02_10_1960.txt,1960,1954-1963,2678,delay_exact,\bdelay\b,0
cosl_02_10_1960,cosl_02_10_1960.txt,1960,1954-1963,2678,delay_family,\b(delays?|delayed|delaying)\b,0
cosl_02_10_1960,cosl_02_10_1960.txt,1960,1954-1963,2678,action_taken,\baction\s+taken\b,1
cosl_02_10_1960,cosl_02_10_1960.txt,1960,1954-1963,2678,recruitment,\brecruitment\b,4
cosl_02_11_1961,cosl_02_11_1961.txt,1961,1954-1963,2189,delay_exact,\bdelay\b,5
cosl_02_11_1961,cosl_02_11_1961.txt,1961,1954-1963,2189,delay_family,\b(delays?|delayed|delaying)\b,6
cosl_02_11_1961,cosl_02_11_1961.txt,1961,1954-1963,2189,action_taken,\baction\s+taken\b,2
cosl_02_11_1961,cosl_02_11_1961.txt,1961,1954-1963,2189,recruitment,\brecruitment\b,4
cosl_02_12_1961,cosl_02_12_1961.txt,1961,1954-1963,3727,delay_exact,\bdelay\b,1
cosl_02_12_1961,cosl_02_12_1961.txt,1961,1954-1963,3727,delay_family,\b(delays?|delayed|delaying)\b,1
cosl_02_12_1961,cosl_02_12_1961.txt,1961,1954-1963,3727,action_taken,\baction\s+taken\b,3
cosl_02_12_1961,cosl_02_12_1961.txt,1961,1954-1963,3727,recruitment,\brecruitment\b,5
cosl_02_13_1961,cosl_02_13_1961.txt,1961,1954-1963,4624,delay_exact,\bdelay\b,13
cosl_02_13_1961,cosl_02_13_1961.txt,1961,1954-1963,4624,delay_family,\b(delays?|delayed|delaying)\b,14
cosl_02_13_1961,cosl_02_13_1961.txt,1961,1954-1963,4624,action_taken,\baction\s+taken\b,3
cosl_02_13_1961,cosl_02_13_1961.txt,1961,1954-1963,4624,recruitment,\brecruitment\b,5
cosl_03_01_1962,cosl_03_01_1962.txt,1962,1954-1963,5189,delay_exact,\bdelay\b,0
cosl_03_01_1962,cosl_03_01_1962.txt,1962,1954-1963,5189,delay_family,\b(delays?|delayed|delaying)\b,0
cosl_03_01_1962,cosl_03_01_1962.txt,1962,1954-1963,5189,action_taken,\baction\s+taken\b,0
cosl_03_01_1962,cosl_03_01_1962.txt,1962,1954-1963,5189,recruitment,\brecruitment\b,1
cosl_03_02_1963,cosl_03_02_1963.txt,1963,1954-1963,6591,delay_exact,\bdelay\b,0
cosl_03_02_1963,cosl_03_02_1963.txt,1963,1954-1963,6591,delay_family,\b(delays?|delayed|delaying)\b,0
cosl_03_02_1963,cosl_03_02_1963.txt,1963,1954-1963,6591,action_taken,\baction\s+taken\b,1
cosl_03_02_1963,cosl_03_02_1963.txt,1963,1954-1963,6591,recruitment,\brecruitment\b,0
cosl_03_03_1964,cosl_03_03_1964.txt,1964,1964-1973,4546,delay_exact,\bdelay\b,0
cosl_03_03_1964,cosl_03_03_1964.txt,1964,1964-1973,4546,delay_family,\b(delays?|delayed|delaying)\b,0
cosl_03_03_1964,cosl_03_03_1964.txt,1964,1964-1973,4546,action_taken,\baction\s+taken\b,0
cosl_03_03_1964,cosl_03_03_1964.txt,1964,1964-1973,4546,recruitment,\brecruitment\b,9
cosl_03_04_1965,cosl_03_04_1965.txt,1965,1964-1973,10682,delay_exact,\bdelay\b,7
cosl_03_04_1965,cosl_03_04_1965.txt,1965,1964-1973,10682,delay_family,\b(delays?|delayed|delaying)\b,7
cosl_03_04_1965,cosl_03_04_1965.txt,1965,1964-1973,10682,action_taken,\baction\s+taken\b,3
cosl_03_04_1965,cosl_03_04_1965.txt,1965,1964-1973,10682,recruitment,\brecruitment\b,6
cosl_03_05_1966,cosl_03_05_1966.txt,1966,1964-1973,6723,delay_exact,\bdelay\b,5
cosl_03_05_1966,cosl_03_05_1966.txt,1966,1964-1973,6723,delay_family,\b(delays?|delayed|delaying)\b,8
cosl_03_05_1966,cosl_03_05_1966.txt,1966,1964-1973,6723,action_taken,\baction\s+taken\b,4
cosl_03_05_1966,cosl_03_05_1966.txt,1966,1964-1973,6723,recruitment,\brecruitment\b,5
cosl_03_06_1966,cosl_03_06_1966.txt,1966,1964-1973,6662,delay_exact,\bdelay\b,7
cosl_03_06_1966,cosl_03_06_1966.txt,1966,1964-1973,6662,delay_family,\b(delays?|delayed|delaying)\b,7
cosl_03_06_1966,cosl_03_06_1966.txt,1966,1964-1973,6662,action_taken,\baction\s+taken\b,0
cosl_03_06_1966,cosl_03_06_1966.txt,1966,1964-1973,6662,recruitment,\brecruitment\b,6
cosl_04_01_1968,cosl_04_01_1968.txt,1968,1964-1973,12209,delay_exact,\bdelay\b,12
cosl_04_01_1968,cosl_04_01_1968.txt,1968,1964-1973,12209,delay_family,\b(delays?|delayed|delaying)\b,17
cosl_04_01_1968,cosl_04_01_1968.txt,1968,1964-1973,12209,action_taken,\baction\s+taken\b,0
cosl_04_01_1968,cosl_04_01_1968.txt,1968,1964-1973,12209,recruitment,\brecruitment\b,24
cosl_04_02_1968,cosl_04_02_1968.txt,1968,1964-1973,17226,delay_exact,\bdelay\b,4
cosl_04_02_1968,cosl_04_02_1968.txt,1968,1964-1973,17226,delay_family,\b(delays?|delayed|delaying)\b,4
cosl_04_02_1968,cosl_04_02_1968.txt,1968,1964-1973,17226,action_taken,\baction\s+taken\b,0
cosl_04_02_1968,cosl_04_02_1968.txt,1968,1964-1973,17226,recruitment,\brecruitment\b,30
cosl_04_03_1968,cosl_04_03_1968.txt,1968,1964-1973,3658,delay_exact,\bdelay\b,0
cosl_04_03_1968,cosl_04_03_1968.txt,1968,1964-1973,3658,delay_family,\b(delays?|delayed|delaying)\b,0
cosl_04_03_1968,cosl_04_03_1968.txt,1968,1964-1973,3658,action_taken,\baction\s+taken\b,0
cosl_04_03_1968,cosl_04_03_1968.txt,1968,1964-1973,3658,recruitment,\brecruitment\b,0
cosl_04_04_1970,cosl_04_04_1970.txt,1970,1964-1973,39700,delay_exact,\bdelay\b,0
cosl_04_04_1970,cosl_04_04_1970.txt,1970,1964-1973,39700,delay_family,\b(delays?|delayed|delaying)\b,0
cosl_04_04_1970,cosl_04_04_1970.txt,1970,1964-1973,39700,action_taken,\baction\s+taken\b,7
cosl_04_04_1970,cosl_04_04_1970.txt,1970,1964-1973,39700,recruitment,\brecruitment\b,77
cosl_04_05_1970,cosl_04_05_1970.txt,1970,1964-1973,9355,delay_exact,\bdelay\b,0
cosl_04_05_1970,cosl_04_05_1970.txt,1970,1964-1973,9355,delay_family,\b(delays?|delayed|delaying)\b,0
cosl_04_05_1970,cosl_04_05_1970.txt,1970,1964-1973,9355,action_taken,\baction\s+taken\b,0
cosl_04_05_1970,cosl_04_05_1970.txt,1970,1964-1973,9355,recruitment,\brecruitment\b,2
cosl_04_06_1970,cosl_04_06_1970.txt,1970,1964-1973,41513,delay_exact,\bdelay\b,8
cosl_04_06_1970,cosl_04_06_1970.txt,1970,1964-1973,41513,delay_family,\b(delays?|delayed|delaying)\b,10
cosl_04_06_1970,cosl_04_06_1970.txt,1970,1964-1973,41513,action_taken,\baction\s+taken\b,0
cosl_04_06_1970,cosl_04_06_1970.txt,1970,1964-1973,41513,recruitment,\brecruitment\b,168
cosl_04_07_1970,cosl_04_07_1970.txt,1970,1964-1973,17758,delay_exact,\bdelay\b,2
cosl_04_07_1970,cosl_04_07_1970.txt,1970,1964-1973,17758,delay_family,\b(delays?|delayed|delaying)\b,6
cosl_04_07_1970,cosl_04_07_1970.txt,1970,1964-1973,17758,action_taken,\baction\s+taken\b,4
cosl_04_07_1970,cosl_04_07_1970.txt,1970,1964-1973,17758,recruitment,\brecruitment\b,30
cosl_04_minutes_01_14_1967,cosl_04_minutes_01_14_1967.txt,1967,1964-1973,15256,delay_exact,\bdelay\b,11
cosl_04_minutes_01_14_1967,cosl_04_minutes_01_14_1967.txt,1967,1964-1973,15256,delay_family,\b(delays?|delayed|delaying)\b,13
cosl_04_minutes_01_14_1967,cosl_04_minutes_01_14_1967.txt,1967,1964-1973,15256,action_taken,\baction\s+taken\b,2
cosl_04_minutes_01_14_1967,cosl_04_minutes_01_14_1967.txt,1967,1964-1973,15256,recruitment,\brecruitment\b,14
cosl_05_01_1971,cosl_05_01_1971.txt,1971,1964-1973,17437,delay_exact,\bdelay\b,2
cosl_05_01_1971,cosl_05_01_1971.txt,1971,1964-1973,17437,delay_family,\b(delays?|delayed|delaying)\b,2
cosl_05_01_1971,cosl_05_01_1971.txt,1971,1964-1973,17437,action_taken,\baction\s+taken\b,0
cosl_05_01_1971,cosl_05_01_1971.txt,1971,1964-1973,17437,recruitment,\brecruitment\b,11
cosl_05_02_1971,cosl_05_02_1971.txt,1971,1964-1973,11798,delay_exact,\bdelay\b,7
cosl_05_02_1971,cosl_05_02_1971.txt,1971,1964-1973,11798,delay_family,\b(delays?|delayed|delaying)\b,7
cosl_05_02_1971,cosl_05_02_1971.txt,1971,1964-1973,11798,action_taken,\baction\s+taken\b,7
cosl_05_02_1971,cosl_05_02_1971.txt,1971,1964-1973,11798,recruitment,\brecruitment\b,7
cosl_05_03_1972,cosl_05_03_1972.txt,1972,1964-1973,23865,delay_exact,\bdelay\b,1
cosl_05_03_1972,cosl_05_03_1972.txt,1972,1964-1973,23865,delay_family,\b(delays?|delayed|delaying)\b,4
cosl_05_03_1972,cosl_05_03_1972.txt,1972,1964-1973,23865,action_taken,\baction\s+taken\b,6
cosl_05_03_1972,cosl_05_03_1972.txt,1972,1964-1973,23865,recruitment,\brecruitment\b,20
cosl_05_04_1972,cosl_05_04_1972.txt,1972,1964-1973,21492,delay_exact,\bdelay\b,10
cosl_05_04_1972,cosl_05_04_1972.txt,1972,1964-1973,21492,delay_family,\b(delays?|delayed|delaying)\b,12
cosl_05_04_1972,cosl_05_04_1972.txt,1972,1964-1973,21492,action_taken,\baction\s+taken\b,6
cosl_05_04_1972,cosl_05_04_1972.txt,1972,1964-1973,21492,recruitment,\brecruitment\b,39
cosl_05_05_1972,cosl_05_05_1972.txt,1972,1964-1973,35341,delay_exact,\bdelay\b,77
cosl_05_05_1972,cosl_05_05_1972.txt,1972,1964-1973,35341,delay_family,\b(delays?|delayed|delaying)\b,88
cosl_05_05_1972,cosl_05_05_1972.txt,1972,1964-1973,35341,action_taken,\baction\s+taken\b,7
cosl_05_05_1972,cosl_05_05_1972.txt,1972,1964-1973,35341,recruitment,\brecruitment\b,134
cosl_05_06_1973,cosl_05_06_1973.txt,1973,1964-1973,13419,delay_exact,\bdelay\b,0
cosl_05_06_1973,cosl_05_06_1973.txt,1973,1964-1973,13419,delay_family,\b(delays?|delayed|delaying)\b,0
cosl_05_06_1973,cosl_05_06_1973.txt,1973,1964-1973,13419,action_taken,\baction\s+taken\b,0
cosl_05_06_1973,cosl_05_06_1973.txt,1973,1964-1973,13419,recruitment,\brecruitment\b,50
cosl_05_07_1973,cosl_05_07_1973.txt,1973,1964-1973,25486,delay_exact,\bdelay\b,3
cosl_05_07_1973,cosl_05_07_1973.txt,1973,1964-1973,25486,delay_family,\b(delays?|delayed|delaying)\b,4
cosl_05_07_1973,cosl_05_07_1973.txt,1973,1964-1973,25486,action_taken,\baction\s+taken\b,0
cosl_05_07_1973,cosl_05_07_1973.txt,1973,1964-1973,25486,recruitment,\brecruitment\b,63
cosl_05_08_1973,cosl_05_08_1973.txt,1973,1964-1973,17498,delay_exact,\bdelay\b,3
cosl_05_08_1973,cosl_05_08_1973.txt,1973,1964-1973,17498,delay_family,\b(delays?|delayed|delaying)\b,5
cosl_05_08_1973,cosl_05_08_1973.txt,1973,1964-1973,17498,action_taken,\baction\s+taken\b,1
cosl_05_08_1973,cosl_05_08_1973.txt,1973,1964-1973,17498,recruitment,\brecruitment\b,8
cosl_05_09_1973,cosl_05_09_1973.txt,1973,1964-1973,42902,delay_exact,\bdelay\b,82
cosl_05_09_1973,cosl_05_09_1973.txt,1973,1964-1973,42902,delay_family,\b(delays?|delayed|delaying)\b,91
cosl_05_09_1973,cosl_05_09_1973.txt,1973,1964-1973,42902,action_taken,\baction\s+taken\b,8
cosl_05_09_1973,cosl_05_09_1973.txt,1973,1964-1973,42902,recruitment,\brecruitment\b,42
cosl_05_10_1974,cosl_05_10_1974.txt,1974,1974-1983,35115,delay_exact,\bdelay\b,58
cosl_05_10_1974,cosl_05_10_1974.txt,1974,1974-1983,35115,delay_family,\b(delays?|delayed|delaying)\b,61
cosl_05_10_1974,cosl_05_10_1974.txt,1974,1974-1983,35115,action_taken,\baction\s+taken\b,24
cosl_05_10_1974,cosl_05_10_1974.txt,1974,1974-1983,35115,recruitment,\brecruitment\b,2
cosl_05_11_1974,cosl_05_11_1974.txt,1974,1974-1983,30835,delay_exact,\bdelay\b,26
cosl_05_11_1974,cosl_05_11_1974.txt,1974,1974-1983,30835,delay_family,\b(delays?|delayed|delaying)\b,32
cosl_05_11_1974,cosl_05_11_1974.txt,1974,1974-1983,30835,action_taken,\baction\s+taken\b,8
cosl_05_11_1974,cosl_05_11_1974.txt,1974,1974-1983,30835,recruitment,\brecruitment\b,93
cosl_05_12_1974,cosl_05_12_1974.txt,1974,1974-1983,37759,delay_exact,\bdelay\b,10
cosl_05_12_1974,cosl_05_12_1974.txt,1974,1974-1983,37759,delay_family,\b(delays?|delayed|delaying)\b,10
cosl_05_12_1974,cosl_05_12_1974.txt,1974,1974-1983,37759,action_taken,\baction\s+taken\b,7
cosl_05_12_1974,cosl_05_12_1974.txt,1974,1974-1983,37759,recruitment,\brecruitment\b,120
cosl_05_13_1974,cosl_05_13_1974.txt,1974,1974-1983,43206,delay_exact,\bdelay\b,166
cosl_05_13_1974,cosl_05_13_1974.txt,1974,1974-1983,43206,delay_family,\b(delays?|delayed|delaying)\b,184
cosl_05_13_1974,cosl_05_13_1974.txt,1974,1974-1983,43206,action_taken,\baction\s+taken\b,10
cosl_05_13_1974,cosl_05_13_1974.txt,1974,1974-1983,43206,recruitment,\brecruitment\b,229
cosl_05_14_1974,cosl_05_14_1974..txt,1974,1974-1983,39503,delay_exact,\bdelay\b,38
cosl_05_14_1974,cosl_05_14_1974..txt,1974,1974-1983,39503,delay_family,\b(delays?|delayed|delaying)\b,41
cosl_05_14_1974,cosl_05_14_1974..txt,1974,1974-1983,39503,action_taken,\baction\s+taken\b,0
cosl_05_14_1974,cosl_05_14_1974..txt,1974,1974-1983,39503,recruitment,\brecruitment\b,95
cosl_05_15_1974,cosl_05_15_1974.txt,1974,1974-1983,26081,delay_exact,\bdelay\b,10
cosl_05_15_1974,cosl_05_15_1974.txt,1974,1974-1983,26081,delay_family,\b(delays?|delayed|delaying)\b,15
cosl_05_15_1974,cosl_05_15_1974.txt,1974,1974-1983,26081,action_taken,\baction\s+taken\b,4
cosl_05_15_1974,cosl_05_15_1974.txt,1974,1974-1983,26081,recruitment,\brecruitment\b,32
cosl_05_16_1975,cosl_05_16_1975.txt,1975,1974-1983,25981,delay_exact,\bdelay\b,43
cosl_05_16_1975,cosl_05_16_1975.txt,1975,1974-1983,25981,delay_family,\b(delays?|delayed|delaying)\b,44
cosl_05_16_1975,cosl_05_16_1975.txt,1975,1974-1983,25981,action_taken,\baction\s+taken\b,0
cosl_05_16_1975,cosl_05_16_1975.txt,1975,1974-1983,25981,recruitment,\brecruitment\b,40
cosl_05_17_1975,cosl_05_17_1975.txt,1975,1974-1983,17675,delay_exact,\bdelay\b,2
cosl_05_17_1975,cosl_05_17_1975.txt,1975,1974-1983,17675,delay_family,\b(delays?|delayed|delaying)\b,3
cosl_05_17_1975,cosl_05_17_1975.txt,1975,1974-1983,17675,action_taken,\baction\s+taken\b,0
cosl_05_17_1975,cosl_05_17_1975.txt,1975,1974-1983,17675,recruitment,\brecruitment\b,48
cosl_05_18_1976,cosl_05_18_1976.txt,1976,1974-1983,40132,delay_exact,\bdelay\b,115
cosl_05_18_1976,cosl_05_18_1976.txt,1976,1974-1983,40132,delay_family,\b(delays?|delayed|delaying)\b,126
cosl_05_18_1976,cosl_05_18_1976.txt,1976,1974-1983,40132,action_taken,\baction\s+taken\b,5
cosl_05_18_1976,cosl_05_18_1976.txt,1976,1974-1983,40132,recruitment,\brecruitment\b,23
cosl_05_19_1976,cosl_05_19_1976.txt,1976,1974-1983,27800,delay_exact,\bdelay\b,18
cosl_05_19_1976,cosl_05_19_1976.txt,1976,1974-1983,27800,delay_family,\b(delays?|delayed|delaying)\b,24
cosl_05_19_1976,cosl_05_19_1976.txt,1976,1974-1983,27800,action_taken,\baction\s+taken\b,7
cosl_05_19_1976,cosl_05_19_1976.txt,1976,1974-1983,27800,recruitment,\brecruitment\b,14
cosl_05_20_1976,cosl_05_20_1976.txt,1976,1974-1983,32501,delay_exact,\bdelay\b,12
cosl_05_20_1976,cosl_05_20_1976.txt,1976,1974-1983,32501,delay_family,\b(delays?|delayed|delaying)\b,15
cosl_05_20_1976,cosl_05_20_1976.txt,1976,1974-1983,32501,action_taken,\baction\s+taken\b,1
cosl_05_20_1976,cosl_05_20_1976.txt,1976,1974-1983,32501,recruitment,\brecruitment\b,38
cosl_06_01_1977,cosl_06_01_1977.txt,1977,1974-1983,18507,delay_exact,\bdelay\b,26
cosl_06_01_1977,cosl_06_01_1977.txt,1977,1974-1983,18507,delay_family,\b(delays?|delayed|delaying)\b,30
cosl_06_01_1977,cosl_06_01_1977.txt,1977,1974-1983,18507,action_taken,\baction\s+taken\b,1
cosl_06_01_1977,cosl_06_01_1977.txt,1977,1974-1983,18507,recruitment,\brecruitment\b,4
cosl_06_02_1977,cosl_06_02_1977.txt,1977,1974-1983,27107,delay_exact,\bdelay\b,14
cosl_06_02_1977,cosl_06_02_1977.txt,1977,1974-1983,27107,delay_family,\b(delays?|delayed|delaying)\b,16
cosl_06_02_1977,cosl_06_02_1977.txt,1977,1974-1983,27107,action_taken,\baction\s+taken\b,2
cosl_06_02_1977,cosl_06_02_1977.txt,1977,1974-1983,27107,recruitment,\brecruitment\b,16
cosl_06_03_1977,cosl_06_03_1977.txt,1977,1974-1983,31297,delay_exact,\bdelay\b,135
cosl_06_03_1977,cosl_06_03_1977.txt,1977,1974-1983,31297,delay_family,\b(delays?|delayed|delaying)\b,164
cosl_06_03_1977,cosl_06_03_1977.txt,1977,1974-1983,31297,action_taken,\baction\s+taken\b,12
cosl_06_03_1977,cosl_06_03_1977.txt,1977,1974-1983,31297,recruitment,\brecruitment\b,14
cosl_06_04_1977,cosl_06_04_1977.txt,1977,1974-1983,21592,delay_exact,\bdelay\b,24
cosl_06_04_1977,cosl_06_04_1977.txt,1977,1974-1983,21592,delay_family,\b(delays?|delayed|delaying)\b,34
cosl_06_04_1977,cosl_06_04_1977.txt,1977,1974-1983,21592,action_taken,\baction\s+taken\b,1
cosl_06_04_1977,cosl_06_04_1977.txt,1977,1974-1983,21592,recruitment,\brecruitment\b,19
cosl_06_05_1977,cosl_06_05_1977.txt,1977,1974-1983,21982,delay_exact,\bdelay\b,17
cosl_06_05_1977,cosl_06_05_1977.txt,1977,1974-1983,21982,delay_family,\b(delays?|delayed|delaying)\b,20
cosl_06_05_1977,cosl_06_05_1977.txt,1977,1974-1983,21982,action_taken,\baction\s+taken\b,1
cosl_06_05_1977,cosl_06_05_1977.txt,1977,1974-1983,21982,recruitment,\brecruitment\b,36
cosl_06_06_1978,cosl_06_06_1978.txt,1978,1974-1983,25701,delay_exact,\bdelay\b,9
cosl_06_06_1978,cosl_06_06_1978.txt,1978,1974-1983,25701,delay_family,\b(delays?|delayed|delaying)\b,13
cosl_06_06_1978,cosl_06_06_1978.txt,1978,1974-1983,25701,action_taken,\baction\s+taken\b,1
cosl_06_06_1978,cosl_06_06_1978.txt,1978,1974-1983,25701,recruitment,\brecruitment\b,15
cosl_06_08_1978,cosl_06_08_1978.txt,1978,1974-1983,39160,delay_exact,\bdelay\b,63
cosl_06_08_1978,cosl_06_08_1978.txt,1978,1974-1983,39160,delay_family,\b(delays?|delayed|delaying)\b,77
cosl_06_08_1978,cosl_06_08_1978.txt,1978,1974-1983,39160,action_taken,\baction\s+taken\b,15
cosl_06_08_1978,cosl_06_08_1978.txt,1978,1974-1983,39160,recruitment,\brecruitment\b,45
cosl_06_09_1978,cosl_06_09_1978.txt,1978,1974-1983,23753,delay_exact,\bdelay\b,3
cosl_06_09_1978,cosl_06_09_1978.txt,1978,1974-1983,23753,delay_family,\b(delays?|delayed|delaying)\b,3
cosl_06_09_1978,cosl_06_09_1978.txt,1978,1974-1983,23753,action_taken,\baction\s+taken\b,1
cosl_06_09_1978,cosl_06_09_1978.txt,1978,1974-1983,23753,recruitment,\brecruitment\b,43
cosl_06_10_1978,cosl_06_10_1978.txt,1978,1974-1983,18659,delay_exact,\bdelay\b,5
cosl_06_10_1978,cosl_06_10_1978.txt,1978,1974-1983,18659,delay_family,\b(delays?|delayed|delaying)\b,9
cosl_06_10_1978,cosl_06_10_1978.txt,1978,1974-1983,18659,action_taken,\baction\s+taken\b,2
cosl_06_10_1978,cosl_06_10_1978.txt,1978,1974-1983,18659,recruitment,\brecruitment\b,34
cosl_06_11_1978,cosl_06_11_1978.txt,1978,1974-1983,22006,delay_exact,\bdelay\b,7
cosl_06_11_1978,cosl_06_11_1978.txt,1978,1974-1983,22006,delay_family,\b(delays?|delayed|delaying)\b,7
cosl_06_11_1978,cosl_06_11_1978.txt,1978,1974-1983,22006,action_taken,\baction\s+taken\b,1
cosl_06_11_1978,cosl_06_11_1978.txt,1978,1974-1983,22006,recruitment,\brecruitment\b,55
cosl_06_12_1978,cosl_06_12_1978.txt,1978,1974-1983,20828,delay_exact,\bdelay\b,29
cosl_06_12_1978,cosl_06_12_1978.txt,1978,1974-1983,20828,delay_family,\b(delays?|delayed|delaying)\b,33
cosl_06_12_1978,cosl_06_12_1978.txt,1978,1974-1983,20828,action_taken,\baction\s+taken\b,3
cosl_06_12_1978,cosl_06_12_1978.txt,1978,1974-1983,20828,recruitment,\brecruitment\b,17
cosl_06_13_1978,cosl_06_13_1978.txt,1978,1974-1983,16616,delay_exact,\bdelay\b,13
cosl_06_13_1978,cosl_06_13_1978.txt,1978,1974-1983,16616,delay_family,\b(delays?|delayed|delaying)\b,16
cosl_06_13_1978,cosl_06_13_1978.txt,1978,1974-1983,16616,action_taken,\baction\s+taken\b,14
cosl_06_13_1978,cosl_06_13_1978.txt,1978,1974-1983,16616,recruitment,\brecruitment\b,18
cosl_06_14_1978,cosl_06_14_1978.txt,1978,1974-1983,16237,delay_exact,\bdelay\b,12
cosl_06_14_1978,cosl_06_14_1978.txt,1978,1974-1983,16237,delay_family,\b(delays?|delayed|delaying)\b,13
cosl_06_14_1978,cosl_06_14_1978.txt,1978,1974-1983,16237,action_taken,\baction\s+taken\b,2
cosl_06_14_1978,cosl_06_14_1978.txt,1978,1974-1983,16237,recruitment,\brecruitment\b,10
cosl_06_15_1978,cosl_06_15_1978.txt,1978,1974-1983,17406,delay_exact,\bdelay\b,4
cosl_06_15_1978,cosl_06_15_1978.txt,1978,1974-1983,17406,delay_family,\b(delays?|delayed|delaying)\b,7
cosl_06_15_1978,cosl_06_15_1978.txt,1978,1974-1983,17406,action_taken,\baction\s+taken\b,3
cosl_06_15_1978,cosl_06_15_1978.txt,1978,1974-1983,17406,recruitment,\brecruitment\b,40
cosl_06_16_1979,cosl_06_16_1979.txt,1979,1974-1983,12129,delay_exact,\bdelay\b,9
cosl_06_16_1979,cosl_06_16_1979.txt,1979,1974-1983,12129,delay_family,\b(delays?|delayed|delaying)\b,9
cosl_06_16_1979,cosl_06_16_1979.txt,1979,1974-1983,12129,action_taken,\baction\s+taken\b,3
cosl_06_16_1979,cosl_06_16_1979.txt,1979,1974-1983,12129,recruitment,\brecruitment\b,44
cosl_06_17_1979,cosl_06_17_1979.txt,1979,1974-1983,9834,delay_exact,\bdelay\b,4
cosl_06_17_1979,cosl_06_17_1979.txt,1979,1974-1983,9834,delay_family,\b(delays?|delayed|delaying)\b,6
cosl_06_17_1979,cosl_06_17_1979.txt,1979,1974-1983,9834,action_taken,\baction\s+taken\b,1
cosl_06_17_1979,cosl_06_17_1979.txt,1979,1974-1983,9834,recruitment,\brecruitment\b,27
cosl_06_18_1979,cosl_06_18_1979.txt,1979,1974-1983,16958,delay_exact,\bdelay\b,7
cosl_06_18_1979,cosl_06_18_1979.txt,1979,1974-1983,16958,delay_family,\b(delays?|delayed|delaying)\b,7
cosl_06_18_1979,cosl_06_18_1979.txt,1979,1974-1983,16958,action_taken,\baction\s+taken\b,2
cosl_06_18_1979,cosl_06_18_1979.txt,1979,1974-1983,16958,recruitment,\brecruitment\b,45
cosl_06_19_1979,cosl_06_19_1979.txt,1979,1974-1983,11819,delay_exact,\bdelay\b,7
cosl_06_19_1979,cosl_06_19_1979.txt,1979,1974-1983,11819,delay_family,\b(delays?|delayed|delaying)\b,9
cosl_06_19_1979,cosl_06_19_1979.txt,1979,1974-1983,11819,action_taken,\baction\s+taken\b,2
cosl_06_19_1979,cosl_06_19_1979.txt,1979,1974-1983,11819,recruitment,\brecruitment\b,25
cosl_06_20_1979,cosl_06_20_1979.txt,1979,1974-1983,21852,delay_exact,\bdelay\b,0
cosl_06_20_1979,cosl_06_20_1979.txt,1979,1974-1983,21852,delay_family,\b(delays?|delayed|delaying)\b,0
cosl_06_20_1979,cosl_06_20_1979.txt,1979,1974-1983,21852,action_taken,\baction\s+taken\b,1
cosl_06_20_1979,cosl_06_20_1979.txt,1979,1974-1983,21852,recruitment,\brecruitment\b,0
cosl_06_21_1979,cosl_06_21_1979.txt,1979,1974-1983,18938,delay_exact,\bdelay\b,1
cosl_06_21_1979,cosl_06_21_1979.txt,1979,1974-1983,18938,delay_family,\b(delays?|delayed|delaying)\b,2
cosl_06_21_1979,cosl_06_21_1979.txt,1979,1974-1983,18938,action_taken,\baction\s+taken\b,1
cosl_06_21_1979,cosl_06_21_1979.txt,1979,1974-1983,18938,recruitment,\brecruitment\b,57
cosl_07_01_1980,cosl_07_01_1980.txt,1980,1974-1983,15481,delay_exact,\bdelay\b,5
cosl_07_01_1980,cosl_07_01_1980.txt,1980,1974-1983,15481,delay_family,\b(delays?|delayed|delaying)\b,10
cosl_07_01_1980,cosl_07_01_1980.txt,1980,1974-1983,15481,action_taken,\baction\s+taken\b,2
cosl_07_01_1980,cosl_07_01_1980.txt,1980,1974-1983,15481,recruitment,\brecruitment\b,28
cosl_07_02_1980,cosl_07_02_1980.txt,1980,1974-1983,20053,delay_exact,\bdelay\b,4
cosl_07_02_1980,cosl_07_02_1980.txt,1980,1974-1983,20053,delay_family,\b(delays?|delayed|delaying)\b,5
cosl_07_02_1980,cosl_07_02_1980.txt,1980,1974-1983,20053,action_taken,\baction\s+taken\b,10
cosl_07_02_1980,cosl_07_02_1980.txt,1980,1974-1983,20053,recruitment,\brecruitment\b,49
cosl_07_03_1980,cosl_07_03_1980.txt,1980,1974-1983,6402,delay_exact,\bdelay\b,1
cosl_07_03_1980,cosl_07_03_1980.txt,1980,1974-1983,6402,delay_family,\b(delays?|delayed|delaying)\b,1
cosl_07_03_1980,cosl_07_03_1980.txt,1980,1974-1983,6402,action_taken,\baction\s+taken\b,0
cosl_07_03_1980,cosl_07_03_1980.txt,1980,1974-1983,6402,recruitment,\brecruitment\b,23
cosl_07_04_1980,cosl_07_04_1980.txt,1980,1974-1983,16390,delay_exact,\bdelay\b,12
cosl_07_04_1980,cosl_07_04_1980.txt,1980,1974-1983,16390,delay_family,\b(delays?|delayed|delaying)\b,18
cosl_07_04_1980,cosl_07_04_1980.txt,1980,1974-1983,16390,action_taken,\baction\s+taken\b,4
cosl_07_04_1980,cosl_07_04_1980.txt,1980,1974-1983,16390,recruitment,\brecruitment\b,14
cosl_07_05_1981,cosl_07_05_1981.txt,1981,1974-1983,13318,delay_exact,\bdelay\b,14
cosl_07_05_1981,cosl_07_05_1981.txt,1981,1974-1983,13318,delay_family,\b(delays?|delayed|delaying)\b,17
cosl_07_05_1981,cosl_07_05_1981.txt,1981,1974-1983,13318,action_taken,\baction\s+taken\b,0
cosl_07_05_1981,cosl_07_05_1981.txt,1981,1974-1983,13318,recruitment,\brecruitment\b,16
cosl_07_06_1981,cosl_07_06_1981.txt,1981,1974-1983,27270,delay_exact,\bdelay\b,18
cosl_07_06_1981,cosl_07_06_1981.txt,1981,1974-1983,27270,delay_family,\b(delays?|delayed|delaying)\b,29
cosl_07_06_1981,cosl_07_06_1981.txt,1981,1974-1983,27270,action_taken,\baction\s+taken\b,2
cosl_07_06_1981,cosl_07_06_1981.txt,1981,1974-1983,27270,recruitment,\brecruitment\b,18
cosl_07_07_1981,cosl_07_07_1981.txt,1981,1974-1983,18651,delay_exact,\bdelay\b,11
cosl_07_07_1981,cosl_07_07_1981.txt,1981,1974-1983,18651,delay_family,\b(delays?|delayed|delaying)\b,14
cosl_07_07_1981,cosl_07_07_1981.txt,1981,1974-1983,18651,action_taken,\baction\s+taken\b,3
cosl_07_07_1981,cosl_07_07_1981.txt,1981,1974-1983,18651,recruitment,\brecruitment\b,53
cosl_07_08_1981,cosl_07_08_1981.txt,1981,1974-1983,17775,delay_exact,\bdelay\b,8
cosl_07_08_1981,cosl_07_08_1981.txt,1981,1974-1983,17775,delay_family,\b(delays?|delayed|delaying)\b,11
cosl_07_08_1981,cosl_07_08_1981.txt,1981,1974-1983,17775,action_taken,\baction\s+taken\b,4
cosl_07_08_1981,cosl_07_08_1981.txt,1981,1974-1983,17775,recruitment,\brecruitment\b,57
cosl_07_09_1981,cosl_07_09_1981.txt,1981,1974-1983,29635,delay_exact,\bdelay\b,18
cosl_07_09_1981,cosl_07_09_1981.txt,1981,1974-1983,29635,delay_family,\b(delays?|delayed|delaying)\b,26
cosl_07_09_1981,cosl_07_09_1981.txt,1981,1974-1983,29635,action_taken,\baction\s+taken\b,8
cosl_07_09_1981,cosl_07_09_1981.txt,1981,1974-1983,29635,recruitment,\brecruitment\b,56
cosl_07_10_1981,cosl_07_10_1981.txt,1981,1974-1983,16211,delay_exact,\bdelay\b,16
cosl_07_10_1981,cosl_07_10_1981.txt,1981,1974-1983,16211,delay_family,\b(delays?|delayed|delaying)\b,17
cosl_07_10_1981,cosl_07_10_1981.txt,1981,1974-1983,16211,action_taken,\baction\s+taken\b,3
cosl_07_10_1981,cosl_07_10_1981.txt,1981,1974-1983,16211,recruitment,\brecruitment\b,25
cosl_07_11_1982,cosl_07_11_1982.txt,1982,1974-1983,21090,delay_exact,\bdelay\b,33
cosl_07_11_1982,cosl_07_11_1982.txt,1982,1974-1983,21090,delay_family,\b(delays?|delayed|delaying)\b,40
cosl_07_11_1982,cosl_07_11_1982.txt,1982,1974-1983,21090,action_taken,\baction\s+taken\b,1
cosl_07_11_1982,cosl_07_11_1982.txt,1982,1974-1983,21090,recruitment,\brecruitment\b,26
cosl_07_12_1982,cosl_07_12_1982.txt,1982,1974-1983,61516,delay_exact,\bdelay\b,22
cosl_07_12_1982,cosl_07_12_1982.txt,1982,1974-1983,61516,delay_family,\b(delays?|delayed|delaying)\b,26
cosl_07_12_1982,cosl_07_12_1982.txt,1982,1974-1983,61516,action_taken,\baction\s+taken\b,8
cosl_07_12_1982,cosl_07_12_1982.txt,1982,1974-1983,61516,recruitment,\brecruitment\b,408
cosl_07_13_1982,cosl_07_13_1982.txt,1982,1974-1983,11307,delay_exact,\bdelay\b,0
cosl_07_13_1982,cosl_07_13_1982.txt,1982,1974-1983,11307,delay_family,\b(delays?|delayed|delaying)\b,2
cosl_07_13_1982,cosl_07_13_1982.txt,1982,1974-1983,11307,action_taken,\baction\s+taken\b,1
cosl_07_13_1982,cosl_07_13_1982.txt,1982,1974-1983,11307,recruitment,\brecruitment\b,72
cosl_07_14_1982,cosl_07_14_1982.txt,1982,1974-1983,22249,delay_exact,\bdelay\b,16
cosl_07_14_1982,cosl_07_14_1982.txt,1982,1974-1983,22249,delay_family,\b(delays?|delayed|delaying)\b,17
cosl_07_14_1982,cosl_07_14_1982.txt,1982,1974-1983,22249,action_taken,\baction\s+taken\b,4
cosl_07_14_1982,cosl_07_14_1982.txt,1982,1974-1983,22249,recruitment,\brecruitment\b,22
cosl_07_15_1983,cosl_07_15_1983.txt,1983,1974-1983,17753,delay_exact,\bdelay\b,14
cosl_07_15_1983,cosl_07_15_1983.txt,1983,1974-1983,17753,delay_family,\b(delays?|delayed|delaying)\b,14
cosl_07_15_1983,cosl_07_15_1983.txt,1983,1974-1983,17753,action_taken,\baction\s+taken\b,8
cosl_07_15_1983,cosl_07_15_1983.txt,1983,1974-1983,17753,recruitment,\brecruitment\b,84
cosl_07_16_1983,cosl_07_16_1983.txt,1983,1974-1983,29914,delay_exact,\bdelay\b,29
cosl_07_16_1983,cosl_07_16_1983.txt,1983,1974-1983,29914,delay_family,\b(delays?|delayed|delaying)\b,29
cosl_07_16_1983,cosl_07_16_1983.txt,1983,1974-1983,29914,action_taken,\baction\s+taken\b,3
cosl_07_16_1983,cosl_07_16_1983.txt,1983,1974-1983,29914,recruitment,\brecruitment\b,177
cosl_07_17_1983,cosl_07_17_1983.txt,1983,1974-1983,21404,delay_exact,\bdelay\b,14
cosl_07_17_1983,cosl_07_17_1983.txt,1983,1974-1983,21404,delay_family,\b(delays?|delayed|delaying)\b,19
cosl_07_17_1983,cosl_07_17_1983.txt,1983,1974-1983,21404,action_taken,\baction\s+taken\b,4
cosl_07_17_1983,cosl_07_17_1983.txt,1983,1974-1983,21404,recruitment,\brecruitment\b,29
cosl_07_18_1983,cosl_07_18_1983.txt,1983,1974-1983,76914,delay_exact,\bdelay\b,106
cosl_07_18_1983,cosl_07_18_1983.txt,1983,1974-1983,76914,delay_family,\b(delays?|delayed|delaying)\b,117
cosl_07_18_1983,cosl_07_18_1983.txt,1983,1974-1983,76914,action_taken,\baction\s+taken\b,66
cosl_07_18_1983,cosl_07_18_1983.txt,1983,1974-1983,76914,recruitment,\brecruitment\b,80
cosl_07_19_1983,cosl_07_19_1983.txt,1983,1974-1983,55396,delay_exact,\bdelay\b,53
cosl_07_19_1983,cosl_07_19_1983.txt,1983,1974-1983,55396,delay_family,\b(delays?|delayed|delaying)\b,63
cosl_07_19_1983,cosl_07_19_1983.txt,1983,1974-1983,55396,action_taken,\baction\s+taken\b,38
cosl_07_19_1983,cosl_07_19_1983.txt,1983,1974-1983,55396,recruitment,\brecruitment\b,44
cosl_07_20_1983,cosl_07_20_1983.txt,1983,1974-1983,48373,delay_exact,\bdelay\b,43
cosl_07_20_1983,cosl_07_20_1983.txt,1983,1974-1983,48373,delay_family,\b(delays?|delayed|delaying)\b,67
cosl_07_20_1983,cosl_07_20_1983.txt,1983,1974-1983,48373,action_taken,\baction\s+taken\b,34
cosl_07_20_1983,cosl_07_20_1983.txt,1983,1974-1983,48373,recruitment,\brecruitment\b,22
cosl_07_21_1983,cosl_07_21_1983.txt,1983,1974-1983,20078,delay_exact,\bdelay\b,0
cosl_07_21_1983,cosl_07_21_1983.txt,1983,1974-1983,20078,delay_family,\b(delays?|delayed|delaying)\b,0
cosl_07_21_1983,cosl_07_21_1983.txt,1983,1974-1983,20078,action_taken,\baction\s+taken\b,3
cosl_07_21_1983,cosl_07_21_1983.txt,1983,1974-1983,20078,recruitment,\brecruitment\b,90
cosl_07_22_1983,cosl_07_22_1983.txt,1983,1974-1983,28815,delay_exact,\bdelay\b,3
cosl_07_22_1983,cosl_07_22_1983.txt,1983,1974-1983,28815,delay_family,\b(delays?|delayed|delaying)\b,3
cosl_07_22_1983,cosl_07_22_1983.txt,1983,1974-1983,28815,action_taken,\baction\s+taken\b,2
cosl_07_22_1983,cosl_07_22_1983.txt,1983,1974-1983,28815,recruitment,\brecruitment\b,108
cosl_07_24_1984,cosl_07_24_1984.txt,1984,1984-1993,21086,delay_exact,\bdelay\b,31
cosl_07_24_1984,cosl_07_24_1984.txt,1984,1984-1993,21086,delay_family,\b(delays?|delayed|delaying)\b,37
cosl_07_24_1984,cosl_07_24_1984.txt,1984,1984-1993,21086,action_taken,\baction\s+taken\b,5
cosl_07_24_1984,cosl_07_24_1984.txt,1984,1984-1993,21086,recruitment,\brecruitment\b,66
cosl_07_25_1984,cosl_07_25_1984.txt,1984,1984-1993,20831,delay_exact,\bdelay\b,34
cosl_07_25_1984,cosl_07_25_1984.txt,1984,1984-1993,20831,delay_family,\b(delays?|delayed|delaying)\b,38
cosl_07_25_1984,cosl_07_25_1984.txt,1984,1984-1993,20831,action_taken,\baction\s+taken\b,8
cosl_07_25_1984,cosl_07_25_1984.txt,1984,1984-1993,20831,recruitment,\brecruitment\b,10
cosl_07_26_1984,cosl_07_26_1984.txt,1984,1984-1993,15975,delay_exact,\bdelay\b,1
cosl_07_26_1984,cosl_07_26_1984.txt,1984,1984-1993,15975,delay_family,\b(delays?|delayed|delaying)\b,1
cosl_07_26_1984,cosl_07_26_1984.txt,1984,1984-1993,15975,action_taken,\baction\s+taken\b,0
cosl_07_26_1984,cosl_07_26_1984.txt,1984,1984-1993,15975,recruitment,\brecruitment\b,22
cosl_07_27_1984,cosl_07_27_1984.txt,1984,1984-1993,16922,delay_exact,\bdelay\b,10
cosl_07_27_1984,cosl_07_27_1984.txt,1984,1984-1993,16922,delay_family,\b(delays?|delayed|delaying)\b,12
cosl_07_27_1984,cosl_07_27_1984.txt,1984,1984-1993,16922,action_taken,\baction\s+taken\b,3
cosl_07_27_1984,cosl_07_27_1984.txt,1984,1984-1993,16922,recruitment,\brecruitment\b,32
cosl_08_01_1985,cosl_08_01_1985.txt,1985,1984-1993,18555,delay_exact,\bdelay\b,18
cosl_08_01_1985,cosl_08_01_1985.txt,1985,1984-1993,18555,delay_family,\b(delays?|delayed|delaying)\b,29
cosl_08_01_1985,cosl_08_01_1985.txt,1985,1984-1993,18555,action_taken,\baction\s+taken\b,2
cosl_08_01_1985,cosl_08_01_1985.txt,1985,1984-1993,18555,recruitment,\brecruitment\b,32
cosl_08_02_1985,cosl_08_02_1985.txt,1985,1984-1993,16648,delay_exact,\bdelay\b,21
cosl_08_02_1985,cosl_08_02_1985.txt,1985,1984-1993,16648,delay_family,\b(delays?|delayed|delaying)\b,24
cosl_08_02_1985,cosl_08_02_1985.txt,1985,1984-1993,16648,action_taken,\baction\s+taken\b,7
cosl_08_02_1985,cosl_08_02_1985.txt,1985,1984-1993,16648,recruitment,\brecruitment\b,35
cosl_08_03_1985,cosl_08_03_1985.txt,1985,1984-1993,11040,delay_exact,\bdelay\b,3
cosl_08_03_1985,cosl_08_03_1985.txt,1985,1984-1993,11040,delay_family,\b(delays?|delayed|delaying)\b,3
cosl_08_03_1985,cosl_08_03_1985.txt,1985,1984-1993,11040,action_taken,\baction\s+taken\b,0
cosl_08_03_1985,cosl_08_03_1985.txt,1985,1984-1993,11040,recruitment,\brecruitment\b,48
cosl_08_04_1985,cosl_08_04_1985.txt,1985,1984-1993,18740,delay_exact,\bdelay\b,46
cosl_08_04_1985,cosl_08_04_1985.txt,1985,1984-1993,18740,delay_family,\b(delays?|delayed|delaying)\b,69
cosl_08_04_1985,cosl_08_04_1985.txt,1985,1984-1993,18740,action_taken,\baction\s+taken\b,5
cosl_08_04_1985,cosl_08_04_1985.txt,1985,1984-1993,18740,recruitment,\brecruitment\b,3
cosl_08_05_1986,cosl_08_05_1986.txt,1986,1984-1993,22509,delay_exact,\bdelay\b,35
cosl_08_05_1986,cosl_08_05_1986.txt,1986,1984-1993,22509,delay_family,\b(delays?|delayed|delaying)\b,36
cosl_08_05_1986,cosl_08_05_1986.txt,1986,1984-1993,22509,action_taken,\baction\s+taken\b,8
cosl_08_05_1986,cosl_08_05_1986.txt,1986,1984-1993,22509,recruitment,\brecruitment\b,5
cosl_08_06_1986,cosl_08_06_1986.txt,1986,1984-1993,25059,delay_exact,\bdelay\b,84
cosl_08_06_1986,cosl_08_06_1986.txt,1986,1984-1993,25059,delay_family,\b(delays?|delayed|delaying)\b,107
cosl_08_06_1986,cosl_08_06_1986.txt,1986,1984-1993,25059,action_taken,\baction\s+taken\b,2
cosl_08_06_1986,cosl_08_06_1986.txt,1986,1984-1993,25059,recruitment,\brecruitment\b,0
cosl_08_07_1986,cosl_08_07_1986.txt,1986,1984-1993,41065,delay_exact,\bdelay\b,0
cosl_08_07_1986,cosl_08_07_1986.txt,1986,1984-1993,41065,delay_family,\b(delays?|delayed|delaying)\b,0
cosl_08_07_1986,cosl_08_07_1986.txt,1986,1984-1993,41065,action_taken,\baction\s+taken\b,2
cosl_08_07_1986,cosl_08_07_1986.txt,1986,1984-1993,41065,recruitment,\brecruitment\b,0
cosl_08_09_1986,cosl_08_09_1986.txt,1986,1984-1993,10401,delay_exact,\bdelay\b,17
cosl_08_09_1986,cosl_08_09_1986.txt,1986,1984-1993,10401,delay_family,\b(delays?|delayed|delaying)\b,29
cosl_08_09_1986,cosl_08_09_1986.txt,1986,1984-1993,10401,action_taken,\baction\s+taken\b,11
cosl_08_09_1986,cosl_08_09_1986.txt,1986,1984-1993,10401,recruitment,\brecruitment\b,6
cosl_08_10_1986,cosl_08_10_1986.txt,1986,1984-1993,5879,delay_exact,\bdelay\b,2
cosl_08_10_1986,cosl_08_10_1986.txt,1986,1984-1993,5879,delay_family,\b(delays?|delayed|delaying)\b,2
cosl_08_10_1986,cosl_08_10_1986.txt,1986,1984-1993,5879,action_taken,\baction\s+taken\b,3
cosl_08_10_1986,cosl_08_10_1986.txt,1986,1984-1993,5879,recruitment,\brecruitment\b,13
cosl_08_11_1986,cosl_08_11_1986.txt,1986,1984-1993,9553,delay_exact,\bdelay\b,1
cosl_08_11_1986,cosl_08_11_1986.txt,1986,1984-1993,9553,delay_family,\b(delays?|delayed|delaying)\b,4
cosl_08_11_1986,cosl_08_11_1986.txt,1986,1984-1993,9553,action_taken,\baction\s+taken\b,2
cosl_08_11_1986,cosl_08_11_1986.txt,1986,1984-1993,9553,recruitment,\brecruitment\b,28
cosl_08_12_1986,cosl_08_12_1986.txt,1986,1984-1993,10288,delay_exact,\bdelay\b,7
cosl_08_12_1986,cosl_08_12_1986.txt,1986,1984-1993,10288,delay_family,\b(delays?|delayed|delaying)\b,12
cosl_08_12_1986,cosl_08_12_1986.txt,1986,1984-1993,10288,action_taken,\baction\s+taken\b,5
cosl_08_12_1986,cosl_08_12_1986.txt,1986,1984-1993,10288,recruitment,\brecruitment\b,0
cosl_08_13_1987,cosl_08_13_1987.txt,1987,1984-1993,11326,delay_exact,\bdelay\b,5
cosl_08_13_1987,cosl_08_13_1987.txt,1987,1984-1993,11326,delay_family,\b(delays?|delayed|delaying)\b,12
cosl_08_13_1987,cosl_08_13_1987.txt,1987,1984-1993,11326,action_taken,\baction\s+taken\b,0
cosl_08_13_1987,cosl_08_13_1987.txt,1987,1984-1993,11326,recruitment,\brecruitment\b,0
cosl_08_14_1987,cosl_08_14_1987.txt,1987,1984-1993,6765,delay_exact,\bdelay\b,0
cosl_08_14_1987,cosl_08_14_1987.txt,1987,1984-1993,6765,delay_family,\b(delays?|delayed|delaying)\b,0
cosl_08_14_1987,cosl_08_14_1987.txt,1987,1984-1993,6765,action_taken,\baction\s+taken\b,0
cosl_08_14_1987,cosl_08_14_1987.txt,1987,1984-1993,6765,recruitment,\brecruitment\b,3
cosl_08_15_1987,cosl_08_15_1987.txt,1987,1984-1993,11162,delay_exact,\bdelay\b,0
cosl_08_15_1987,cosl_08_15_1987.txt,1987,1984-1993,11162,delay_family,\b(delays?|delayed|delaying)\b,0
cosl_08_15_1987,cosl_08_15_1987.txt,1987,1984-1993,11162,action_taken,\baction\s+taken\b,2
cosl_08_15_1987,cosl_08_15_1987.txt,1987,1984-1993,11162,recruitment,\brecruitment\b,27
cosl_08_16_1987,cosl_08_16_1987.txt,1987,1984-1993,6510,delay_exact,\bdelay\b,0
cosl_08_16_1987,cosl_08_16_1987.txt,1987,1984-1993,6510,delay_family,\b(delays?|delayed|delaying)\b,0
cosl_08_16_1987,cosl_08_16_1987.txt,1987,1984-1993,6510,action_taken,\baction\s+taken\b,2
cosl_08_16_1987,cosl_08_16_1987.txt,1987,1984-1993,6510,recruitment,\brecruitment\b,1
cosl_08_17_1987,cosl_08_17_1987.txt,1987,1984-1993,13098,delay_exact,\bdelay\b,0
cosl_08_17_1987,cosl_08_17_1987.txt,1987,1984-1993,13098,delay_family,\b(delays?|delayed|delaying)\b,0
cosl_08_17_1987,cosl_08_17_1987.txt,1987,1984-1993,13098,action_taken,\baction\s+taken\b,5
cosl_08_17_1987,cosl_08_17_1987.txt,1987,1984-1993,13098,recruitment,\brecruitment\b,0
cosl_08_18_1988,cosl_08_18_1988.txt,1988,1984-1993,4698,delay_exact,\bdelay\b,0
cosl_08_18_1988,cosl_08_18_1988.txt,1988,1984-1993,4698,delay_family,\b(delays?|delayed|delaying)\b,0
cosl_08_18_1988,cosl_08_18_1988.txt,1988,1984-1993,4698,action_taken,\baction\s+taken\b,0
cosl_08_18_1988,cosl_08_18_1988.txt,1988,1984-1993,4698,recruitment,\brecruitment\b,0
cosl_08_19_1988,cosl_08_19_1988.txt,1988,1984-1993,11884,delay_exact,\bdelay\b,2
cosl_08_19_1988,cosl_08_19_1988.txt,1988,1984-1993,11884,delay_family,\b(delays?|delayed|delaying)\b,3
cosl_08_19_1988,cosl_08_19_1988.txt,1988,1984-1993,11884,action_taken,\baction\s+taken\b,4
cosl_08_19_1988,cosl_08_19_1988.txt,1988,1984-1993,11884,recruitment,\brecruitment\b,0
cosl_08_20_1988,cosl_08_20_1988.txt,1988,1984-1993,11342,delay_exact,\bdelay\b,15
cosl_08_20_1988,cosl_08_20_1988.txt,1988,1984-1993,11342,delay_family,\b(delays?|delayed|delaying)\b,23
cosl_08_20_1988,cosl_08_20_1988.txt,1988,1984-1993,11342,action_taken,\baction\s+taken\b,8
cosl_08_20_1988,cosl_08_20_1988.txt,1988,1984-1993,11342,recruitment,\brecruitment\b,5
cosl_08_21_1989,cosl_08_21_1989.txt,1989,1984-1993,5011,delay_exact,\bdelay\b,0
cosl_08_21_1989,cosl_08_21_1989.txt,1989,1984-1993,5011,delay_family,\b(delays?|delayed|delaying)\b,0
cosl_08_21_1989,cosl_08_21_1989.txt,1989,1984-1993,5011,action_taken,\baction\s+taken\b,0
cosl_08_21_1989,cosl_08_21_1989.txt,1989,1984-1993,5011,recruitment,\brecruitment\b,2
cosl_08_22_1989,cosl_08_22_1989.txt,1989,1984-1993,15464,delay_exact,\bdelay\b,0
cosl_08_22_1989,cosl_08_22_1989.txt,1989,1984-1993,15464,delay_family,\b(delays?|delayed|delaying)\b,0
cosl_08_22_1989,cosl_08_22_1989.txt,1989,1984-1993,15464,action_taken,\baction\s+taken\b,2
cosl_08_22_1989,cosl_08_22_1989.txt,1989,1984-1993,15464,recruitment,\brecruitment\b,6
cosl_08_23_1989,cosl_08_23_1989.txt,1989,1984-1993,5211,delay_exact,\bdelay\b,0
cosl_08_23_1989,cosl_08_23_1989.txt,1989,1984-1993,5211,delay_family,\b(delays?|delayed|delaying)\b,0
cosl_08_23_1989,cosl_08_23_1989.txt,1989,1984-1993,5211,action_taken,\baction\s+taken\b,0
cosl_08_23_1989,cosl_08_23_1989.txt,1989,1984-1993,5211,recruitment,\brecruitment\b,2
cosl_08_24_1989,cosl_08_24_1989.txt,1989,1984-1993,3627,delay_exact,\bdelay\b,0
cosl_08_24_1989,cosl_08_24_1989.txt,1989,1984-1993,3627,delay_family,\b(delays?|delayed|delaying)\b,0
cosl_08_24_1989,cosl_08_24_1989.txt,1989,1984-1993,3627,action_taken,\baction\s+taken\b,2
cosl_08_24_1989,cosl_08_24_1989.txt,1989,1984-1993,3627,recruitment,\brecruitment\b,0
cosl_08_25_1989,cosl_08_25_1989.txt,1989,1984-1993,10126,delay_exact,\bdelay\b,7
cosl_08_25_1989,cosl_08_25_1989.txt,1989,1984-1993,10126,delay_family,\b(delays?|delayed|delaying)\b,11
cosl_08_25_1989,cosl_08_25_1989.txt,1989,1984-1993,10126,action_taken,\baction\s+taken\b,1
cosl_08_25_1989,cosl_08_25_1989.txt,1989,1984-1993,10126,recruitment,\brecruitment\b,8
cosl_09_01_1990,cosl_09_01_1990.txt,1990,1984-1993,11235,delay_exact,\bdelay\b,2
cosl_09_01_1990,cosl_09_01_1990.txt,1990,1984-1993,11235,delay_family,\b(delays?|delayed|delaying)\b,2
cosl_09_01_1990,cosl_09_01_1990.txt,1990,1984-1993,11235,action_taken,\baction\s+taken\b,2
cosl_09_01_1990,cosl_09_01_1990.txt,1990,1984-1993,11235,recruitment,\brecruitment\b,0
cosl_09_02_1991,cosl_09_02_1991.txt,1991,1984-1993,6555,delay_exact,\bdelay\b,0
cosl_09_02_1991,cosl_09_02_1991.txt,1991,1984-1993,6555,delay_family,\b(delays?|delayed|delaying)\b,0
cosl_09_02_1991,cosl_09_02_1991.txt,1991,1984-1993,6555,action_taken,\baction\s+taken\b,0
cosl_09_02_1991,cosl_09_02_1991.txt,1991,1984-1993,6555,recruitment,\brecruitment\b,0
cosl_09_03_1991,cosl_09_03_1991.txt,1991,1984-1993,6533,delay_exact,\bdelay\b,0
cosl_09_03_1991,cosl_09_03_1991.txt,1991,1984-1993,6533,delay_family,\b(delays?|delayed|delaying)\b,0
cosl_09_03_1991,cosl_09_03_1991.txt,1991,1984-1993,6533,action_taken,\baction\s+taken\b,9
cosl_09_03_1991,cosl_09_03_1991.txt,1991,1984-1993,6533,recruitment,\brecruitment\b,4
cosl_10_01_1991,cosl_10_01_1991.txt,1991,1984-1993,9959,delay_exact,\bdelay\b,14
cosl_10_01_1991,cosl_10_01_1991.txt,1991,1984-1993,9959,delay_family,\b(delays?|delayed|delaying)\b,24
cosl_10_01_1991,cosl_10_01_1991.txt,1991,1984-1993,9959,action_taken,\baction\s+taken\b,6
cosl_10_01_1991,cosl_10_01_1991.txt,1991,1984-1993,9959,recruitment,\brecruitment\b,18
cosl_10_03_1992,cosl_10_03_1992.txt,1992,1984-1993,10464,delay_exact,\bdelay\b,3
cosl_10_03_1992,cosl_10_03_1992.txt,1992,1984-1993,10464,delay_family,\b(delays?|delayed|delaying)\b,7
cosl_10_03_1992,cosl_10_03_1992.txt,1992,1984-1993,10464,action_taken,\baction\s+taken\b,1
cosl_10_03_1992,cosl_10_03_1992.txt,1992,1984-1993,10464,recruitment,\brecruitment\b,0
cosl_10_04_1992,cosl_10_04_1992.txt,1992,1984-1993,11782,delay_exact,\bdelay\b,2
cosl_10_04_1992,cosl_10_04_1992.txt,1992,1984-1993,11782,delay_family,\b(delays?|delayed|delaying)\b,2
cosl_10_04_1992,cosl_10_04_1992.txt,1992,1984-1993,11782,action_taken,\baction\s+taken\b,0
cosl_10_04_1992,cosl_10_04_1992.txt,1992,1984-1993,11782,recruitment,\brecruitment\b,55
cosl_10_05_1992,cosl_10_05_1992.txt,1992,1984-1993,12568,delay_exact,\bdelay\b,28
cosl_10_05_1992,cosl_10_05_1992.txt,1992,1984-1993,12568,delay_family,\b(delays?|delayed|delaying)\b,29
cosl_10_05_1992,cosl_10_05_1992.txt,1992,1984-1993,12568,action_taken,\baction\s+taken\b,1
cosl_10_05_1992,cosl_10_05_1992.txt,1992,1984-1993,12568,recruitment,\brecruitment\b,32
cosl_10_06_1992,cosl_10_06_1992.txt,1992,1984-1993,9569,delay_exact,\bdelay\b,4
cosl_10_06_1992,cosl_10_06_1992.txt,1992,1984-1993,9569,delay_family,\b(delays?|delayed|delaying)\b,4
cosl_10_06_1992,cosl_10_06_1992.txt,1992,1984-1993,9569,action_taken,\baction\s+taken\b,5
cosl_10_06_1992,cosl_10_06_1992.txt,1992,1984-1993,9569,recruitment,\brecruitment\b,13
cosl_10_07_1993,cosl_10_07_1993.txt,1993,1984-1993,10309,delay_exact,\bdelay\b,2
cosl_10_07_1993,cosl_10_07_1993.txt,1993,1984-1993,10309,delay_family,\b(delays?|delayed|delaying)\b,5
cosl_10_07_1993,cosl_10_07_1993.txt,1993,1984-1993,10309,action_taken,\baction\s+taken\b,1
cosl_10_07_1993,cosl_10_07_1993.txt,1993,1984-1993,10309,recruitment,\brecruitment\b,68
cosl_10_08_1993,cosl_10_08_1993.txt,1993,1984-1993,11493,delay_exact,\bdelay\b,0
cosl_10_08_1993,cosl_10_08_1993.txt,1993,1984-1993,11493,delay_family,\b(delays?|delayed|delaying)\b,0
cosl_10_08_1993,cosl_10_08_1993.txt,1993,1984-1993,11493,action_taken,\baction\s+taken\b,0
cosl_10_08_1993,cosl_10_08_1993.txt,1993,1984-1993,11493,recruitment,\brecruitment\b,46
cosl_10_09_1993,cosl_10_09_1993.txt,1993,1984-1993,8847,delay_exact,\bdelay\b,13
cosl_10_09_1993,cosl_10_09_1993.txt,1993,1984-1993,8847,delay_family,\b(delays?|delayed|delaying)\b,16
cosl_10_09_1993,cosl_10_09_1993.txt,1993,1984-1993,8847,action_taken,\baction\s+taken\b,4
cosl_10_09_1993,cosl_10_09_1993.txt,1993,1984-1993,8847,recruitment,\brecruitment\b,4
cosl_10_10_1994,cosl_10_10_1994.txt,1994,1994-2003,9591,delay_exact,\bdelay\b,6
cosl_10_10_1994,cosl_10_10_1994.txt,1994,1994-2003,9591,delay_family,\b(delays?|delayed|delaying)\b,7
cosl_10_10_1994,cosl_10_10_1994.txt,1994,1994-2003,9591,action_taken,\baction\s+taken\b,0
cosl_10_10_1994,cosl_10_10_1994.txt,1994,1994-2003,9591,recruitment,\brecruitment\b,0
cosl_10_11_1994,cosl_10_11_1994.txt,1994,1994-2003,7759,delay_exact,\bdelay\b,11
cosl_10_11_1994,cosl_10_11_1994.txt,1994,1994-2003,7759,delay_family,\b(delays?|delayed|delaying)\b,15
cosl_10_11_1994,cosl_10_11_1994.txt,1994,1994-2003,7759,action_taken,\baction\s+taken\b,0
cosl_10_11_1994,cosl_10_11_1994.txt,1994,1994-2003,7759,recruitment,\brecruitment\b,6
cosl_10_12_1994,cosl_10_12_1994.txt,1994,1994-2003,13127,delay_exact,\bdelay\b,7
cosl_10_12_1994,cosl_10_12_1994.txt,1994,1994-2003,13127,delay_family,\b(delays?|delayed|delaying)\b,11
cosl_10_12_1994,cosl_10_12_1994.txt,1994,1994-2003,13127,action_taken,\baction\s+taken\b,0
cosl_10_12_1994,cosl_10_12_1994.txt,1994,1994-2003,13127,recruitment,\brecruitment\b,66
cosl_10_13_1994,cosl_10_13_1994.txt,1994,1994-2003,16461,delay_exact,\bdelay\b,0
cosl_10_13_1994,cosl_10_13_1994.txt,1994,1994-2003,16461,delay_family,\b(delays?|delayed|delaying)\b,0
cosl_10_13_1994,cosl_10_13_1994.txt,1994,1994-2003,16461,action_taken,\baction\s+taken\b,0
cosl_10_13_1994,cosl_10_13_1994.txt,1994,1994-2003,16461,recruitment,\brecruitment\b,0
cosl_10_14_1994,cosl_10_14_1994.txt,1994,1994-2003,12234,delay_exact,\bdelay\b,14
cosl_10_14_1994,cosl_10_14_1994.txt,1994,1994-2003,12234,delay_family,\b(delays?|delayed|delaying)\b,17
cosl_10_14_1994,cosl_10_14_1994.txt,1994,1994-2003,12234,action_taken,\baction\s+taken\b,0
cosl_10_14_1994,cosl_10_14_1994.txt,1994,1994-2003,12234,recruitment,\brecruitment\b,45
cosl_10_15_1994,cosl_10_15_1994.txt,1994,1994-2003,13912,delay_exact,\bdelay\b,0
cosl_10_15_1994,cosl_10_15_1994.txt,1994,1994-2003,13912,delay_family,\b(delays?|delayed|delaying)\b,0
cosl_10_15_1994,cosl_10_15_1994.txt,1994,1994-2003,13912,action_taken,\baction\s+taken\b,0
cosl_10_15_1994,cosl_10_15_1994.txt,1994,1994-2003,13912,recruitment,\brecruitment\b,0
cosl_10_16_1994,cosl_10_16_1994.txt,1994,1994-2003,8762,delay_exact,\bdelay\b,4
cosl_10_16_1994,cosl_10_16_1994.txt,1994,1994-2003,8762,delay_family,\b(delays?|delayed|delaying)\b,4
cosl_10_16_1994,cosl_10_16_1994.txt,1994,1994-2003,8762,action_taken,\baction\s+taken\b,0
cosl_10_16_1994,cosl_10_16_1994.txt,1994,1994-2003,8762,recruitment,\brecruitment\b,0
cosl_10_17_1994,cosl_10_17_1994.txt,1994,1994-2003,13475,delay_exact,\bdelay\b,7
cosl_10_17_1994,cosl_10_17_1994.txt,1994,1994-2003,13475,delay_family,\b(delays?|delayed|delaying)\b,11
cosl_10_17_1994,cosl_10_17_1994.txt,1994,1994-2003,13475,action_taken,\baction\s+taken\b,0
cosl_10_17_1994,cosl_10_17_1994.txt,1994,1994-2003,13475,recruitment,\brecruitment\b,6
cosl_10_18_1994,cosl_10_18_1994.txt,1994,1994-2003,11835,delay_exact,\bdelay\b,25
cosl_10_18_1994,cosl_10_18_1994.txt,1994,1994-2003,11835,delay_family,\b(delays?|delayed|delaying)\b,35
cosl_10_18_1994,cosl_10_18_1994.txt,1994,1994-2003,11835,action_taken,\baction\s+taken\b,2
cosl_10_18_1994,cosl_10_18_1994.txt,1994,1994-2003,11835,recruitment,\brecruitment\b,21
cosl_10_19_1994,cosl_10_19_1994.txt,1994,1994-2003,6232,delay_exact,\bdelay\b,1
cosl_10_19_1994,cosl_10_19_1994.txt,1994,1994-2003,6232,delay_family,\b(delays?|delayed|delaying)\b,1
cosl_10_19_1994,cosl_10_19_1994.txt,1994,1994-2003,6232,action_taken,\baction\s+taken\b,1
cosl_10_19_1994,cosl_10_19_1994.txt,1994,1994-2003,6232,recruitment,\brecruitment\b,10
cosl_10_20_1995,cosl_10_20_1995.txt,1995,1994-2003,4411,delay_exact,\bdelay\b,3
cosl_10_20_1995,cosl_10_20_1995.txt,1995,1994-2003,4411,delay_family,\b(delays?|delayed|delaying)\b,3
cosl_10_20_1995,cosl_10_20_1995.txt,1995,1994-2003,4411,action_taken,\baction\s+taken\b,4
cosl_10_20_1995,cosl_10_20_1995.txt,1995,1994-2003,4411,recruitment,\brecruitment\b,18
cosl_10_21_1995,cosl_10_21_1995.txt,1995,1994-2003,8250,delay_exact,\bdelay\b,15
cosl_10_21_1995,cosl_10_21_1995.txt,1995,1994-2003,8250,delay_family,\b(delays?|delayed|delaying)\b,19
cosl_10_21_1995,cosl_10_21_1995.txt,1995,1994-2003,8250,action_taken,\baction\s+taken\b,0
cosl_10_21_1995,cosl_10_21_1995.txt,1995,1994-2003,8250,recruitment,\brecruitment\b,41
cosl_10_22_1995,cosl_10_22_1995.txt,1995,1994-2003,35826,delay_exact,\bdelay\b,0
cosl_10_22_1995,cosl_10_22_1995.txt,1995,1994-2003,35826,delay_family,\b(delays?|delayed|delaying)\b,0
cosl_10_22_1995,cosl_10_22_1995.txt,1995,1994-2003,35826,action_taken,\baction\s+taken\b,0
cosl_10_22_1995,cosl_10_22_1995.txt,1995,1994-2003,35826,recruitment,\brecruitment\b,0
cosl_10_23_1995,cosl_10_23_1995.txt,1995,1994-2003,8997,delay_exact,\bdelay\b,27
cosl_10_23_1995,cosl_10_23_1995.txt,1995,1994-2003,8997,delay_family,\b(delays?|delayed|delaying)\b,33
cosl_10_23_1995,cosl_10_23_1995.txt,1995,1994-2003,8997,action_taken,\baction\s+taken\b,0
cosl_10_23_1995,cosl_10_23_1995.txt,1995,1994-2003,8997,recruitment,\brecruitment\b,9
cosl_10_24_1995,cosl_10_24_1995.txt,1995,1994-2003,7905,delay_exact,\bdelay\b,42
cosl_10_24_1995,cosl_10_24_1995.txt,1995,1994-2003,7905,delay_family,\b(delays?|delayed|delaying)\b,62
cosl_10_24_1995,cosl_10_24_1995.txt,1995,1994-2003,7905,action_taken,\baction\s+taken\b,0
cosl_10_24_1995,cosl_10_24_1995.txt,1995,1994-2003,7905,recruitment,\brecruitment\b,2
cosl_11_01_1996,cosl_11_01_1996.txt,1996,1994-2003,8976,delay_exact,\bdelay\b,9
cosl_11_01_1996,cosl_11_01_1996.txt,1996,1994-2003,8976,delay_family,\b(delays?|delayed|delaying)\b,9
cosl_11_01_1996,cosl_11_01_1996.txt,1996,1994-2003,8976,action_taken,\baction\s+taken\b,17
cosl_11_01_1996,cosl_11_01_1996.txt,1996,1994-2003,8976,recruitment,\brecruitment\b,0
cosl_11_02_1996,cosl_11_02_1996.txt,1996,1994-2003,10893,delay_exact,\bdelay\b,0
cosl_11_02_1996,cosl_11_02_1996.txt,1996,1994-2003,10893,delay_family,\b(delays?|delayed|delaying)\b,0
cosl_11_02_1996,cosl_11_02_1996.txt,1996,1994-2003,10893,action_taken,\baction\s+taken\b,0
cosl_11_02_1996,cosl_11_02_1996.txt,1996,1994-2003,10893,recruitment,\brecruitment\b,29
cosl_11_03_1997,cosl_11_03_1997.txt,1997,1994-2003,9347,delay_exact,\bdelay\b,0
cosl_11_03_1997,cosl_11_03_1997.txt,1997,1994-2003,9347,delay_family,\b(delays?|delayed|delaying)\b,0
cosl_11_03_1997,cosl_11_03_1997.txt,1997,1994-2003,9347,action_taken,\baction\s+taken\b,0
cosl_11_03_1997,cosl_11_03_1997.txt,1997,1994-2003,9347,recruitment,\brecruitment\b,16
cosl_11_04_1997,cosl_11_04_1997.txt,1997,1994-2003,11908,delay_exact,\bdelay\b,18
cosl_11_04_1997,cosl_11_04_1997.txt,1997,1994-2003,11908,delay_family,\b(delays?|delayed|delaying)\b,28
cosl_11_04_1997,cosl_11_04_1997.txt,1997,1994-2003,11908,action_taken,\baction\s+taken\b,0
cosl_11_04_1997,cosl_11_04_1997.txt,1997,1994-2003,11908,recruitment,\brecruitment\b,61
cosl_11_05_1997,cosl_11_05_1997.txt,1997,1994-2003,10821,delay_exact,\bdelay\b,10
cosl_11_05_1997,cosl_11_05_1997.txt,1997,1994-2003,10821,delay_family,\b(delays?|delayed|delaying)\b,12
cosl_11_05_1997,cosl_11_05_1997.txt,1997,1994-2003,10821,action_taken,\baction\s+taken\b,39
cosl_11_05_1997,cosl_11_05_1997.txt,1997,1994-2003,10821,recruitment,\brecruitment\b,0
cosl_11_06_1997,cosl_11_06_1997.txt,1997,1994-2003,8847,delay_exact,\bdelay\b,3
cosl_11_06_1997,cosl_11_06_1997.txt,1997,1994-2003,8847,delay_family,\b(delays?|delayed|delaying)\b,3
cosl_11_06_1997,cosl_11_06_1997.txt,1997,1994-2003,8847,action_taken,\baction\s+taken\b,13
cosl_11_06_1997,cosl_11_06_1997.txt,1997,1994-2003,8847,recruitment,\brecruitment\b,0
cosl_11_07_1997,cosl_11_07_1997.txt,1997,1994-2003,6621,delay_exact,\bdelay\b,12
cosl_11_07_1997,cosl_11_07_1997.txt,1997,1994-2003,6621,delay_family,\b(delays?|delayed|delaying)\b,19
cosl_11_07_1997,cosl_11_07_1997.txt,1997,1994-2003,6621,action_taken,\baction\s+taken\b,5
cosl_11_07_1997,cosl_11_07_1997.txt,1997,1994-2003,6621,recruitment,\brecruitment\b,10
cosl_11_08_1997,cosl_11_08_1997.txt,1997,1994-2003,6716,delay_exact,\bdelay\b,4
cosl_11_08_1997,cosl_11_08_1997.txt,1997,1994-2003,6716,delay_family,\b(delays?|delayed|delaying)\b,5
cosl_11_08_1997,cosl_11_08_1997.txt,1997,1994-2003,6716,action_taken,\baction\s+taken\b,3
cosl_11_08_1997,cosl_11_08_1997.txt,1997,1994-2003,6716,recruitment,\brecruitment\b,16
cosl_11_09_1997,cosl_11_09_1997.txt,1997,1994-2003,4155,delay_exact,\bdelay\b,3
cosl_11_09_1997,cosl_11_09_1997.txt,1997,1994-2003,4155,delay_family,\b(delays?|delayed|delaying)\b,3
cosl_11_09_1997,cosl_11_09_1997.txt,1997,1994-2003,4155,action_taken,\baction\s+taken\b,5
cosl_11_09_1997,cosl_11_09_1997.txt,1997,1994-2003,4155,recruitment,\brecruitment\b,3
cosl_11_10_1997,cosl_11_10_1997.txt,1997,1994-2003,5774,delay_exact,\bdelay\b,6
cosl_11_10_1997,cosl_11_10_1997.txt,1997,1994-2003,5774,delay_family,\b(delays?|delayed|delaying)\b,7
cosl_11_10_1997,cosl_11_10_1997.txt,1997,1994-2003,5774,action_taken,\baction\s+taken\b,11
cosl_11_10_1997,cosl_11_10_1997.txt,1997,1994-2003,5774,recruitment,\brecruitment\b,0
cosl_12_01_1998,cosl_12_01_1998.txt,1998,1994-2003,8944,delay_exact,\bdelay\b,23
cosl_12_01_1998,cosl_12_01_1998.txt,1998,1994-2003,8944,delay_family,\b(delays?|delayed|delaying)\b,27
cosl_12_01_1998,cosl_12_01_1998.txt,1998,1994-2003,8944,action_taken,\baction\s+taken\b,8
cosl_12_01_1998,cosl_12_01_1998.txt,1998,1994-2003,8944,recruitment,\brecruitment\b,16
cosl_12_02_1998,cosl_12_02_1998.txt,1998,1994-2003,11282,delay_exact,\bdelay\b,2
cosl_12_02_1998,cosl_12_02_1998.txt,1998,1994-2003,11282,delay_family,\b(delays?|delayed|delaying)\b,4
cosl_12_02_1998,cosl_12_02_1998.txt,1998,1994-2003,11282,action_taken,\baction\s+taken\b,0
cosl_12_02_1998,cosl_12_02_1998.txt,1998,1994-2003,11282,recruitment,\brecruitment\b,32
cosl_12_03_1999,cosl_12_03_1999.txt,1999,1994-2003,9478,delay_exact,\bdelay\b,31
cosl_12_03_1999,cosl_12_03_1999.txt,1999,1994-2003,9478,delay_family,\b(delays?|delayed|delaying)\b,37
cosl_12_03_1999,cosl_12_03_1999.txt,1999,1994-2003,9478,action_taken,\baction\s+taken\b,0
cosl_12_03_1999,cosl_12_03_1999.txt,1999,1994-2003,9478,recruitment,\brecruitment\b,21
cosl_12_04_1999,cosl_12_04_1999.txt,1999,1994-2003,16093,delay_exact,\bdelay\b,66
cosl_12_04_1999,cosl_12_04_1999.txt,1999,1994-2003,16093,delay_family,\b(delays?|delayed|delaying)\b,71
cosl_12_04_1999,cosl_12_04_1999.txt,1999,1994-2003,16093,action_taken,\baction\s+taken\b,1
cosl_12_04_1999,cosl_12_04_1999.txt,1999,1994-2003,16093,recruitment,\brecruitment\b,14
